[2026-09-28T00:02:57.126+0000] {processor.py:156} INFO - Started process (PID=58) to work on /opt/airflow/dags/1_dag_flujo.py
[2026-09-28T00:02:57.129+0000] {processor.py:799} INFO - Processing file /opt/airflow/dags/1_dag_flujo.py for tasks to queue
[2026-09-28T00:02:57.130+0000] {logging_mixin.py:149} INFO - [2026-09-28T00:02:57.130+0000] {dagbag.py:541} INFO - Filling up the DagBag from /opt/airflow/dags/1_dag_flujo.py
[2026-09-28T00:02:57.338+0000] {processor.py:809} INFO - DAG(s) dict_keys(['cobertura_pipeline']) retrieved from /opt/airflow/dags/1_dag_flujo.py
[2026-09-28T00:02:57.557+0000] {logging_mixin.py:149} INFO - [2026-09-28T00:02:57.556+0000] {dag.py:2726} INFO - Sync 1 DAGs
[2026-09-28T00:02:57.612+0000] {logging_mixin.py:149} INFO - [2026-09-28T00:02:57.612+0000] {dag.py:3490} INFO - Setting next_dagrun for cobertura_pipeline to 2026-09-27T23:56:57.611809+00:00, run_after=2026-09-28T00:02:57.611809+00:00
[2026-09-28T00:02:57.662+0000] {processor.py:178} INFO - Processing /opt/airflow/dags/1_dag_flujo.py took 0.545 seconds
[2026-09-28T00:03:27.939+0000] {processor.py:156} INFO - Started process (PID=68) to work on /opt/airflow/dags/1_dag_flujo.py
[2026-09-28T00:03:27.946+0000] {processor.py:799} INFO - Processing file /opt/airflow/dags/1_dag_flujo.py for tasks to queue
[2026-09-28T00:03:27.948+0000] {logging_mixin.py:149} INFO - [2026-09-28T00:03:27.947+0000] {dagbag.py:541} INFO - Filling up the DagBag from /opt/airflow/dags/1_dag_flujo.py
[2026-09-28T00:03:28.114+0000] {processor.py:809} INFO - DAG(s) dict_keys(['cobertura_pipeline']) retrieved from /opt/airflow/dags/1_dag_flujo.py
[2026-09-28T00:03:28.182+0000] {logging_mixin.py:149} INFO - [2026-09-28T00:03:28.182+0000] {dag.py:2726} INFO - Sync 1 DAGs
[2026-09-28T00:03:28.245+0000] {logging_mixin.py:149} INFO - [2026-09-28T00:03:28.245+0000] {dag.py:3490} INFO - Setting next_dagrun for cobertura_pipeline to 2026-09-27T23:57:28.244610+00:00, run_after=2026-09-28T00:03:28.244610+00:00
[2026-09-28T00:03:28.310+0000] {processor.py:178} INFO - Processing /opt/airflow/dags/1_dag_flujo.py took 0.381 seconds
[2026-09-28T00:03:58.591+0000] {processor.py:156} INFO - Started process (PID=76) to work on /opt/airflow/dags/1_dag_flujo.py
[2026-09-28T00:03:58.597+0000] {processor.py:799} INFO - Processing file /opt/airflow/dags/1_dag_flujo.py for tasks to queue
[2026-09-28T00:03:58.599+0000] {logging_mixin.py:149} INFO - [2026-09-28T00:03:58.599+0000] {dagbag.py:541} INFO - Filling up the DagBag from /opt/airflow/dags/1_dag_flujo.py
[2026-09-28T00:03:58.734+0000] {processor.py:809} INFO - DAG(s) dict_keys(['cobertura_pipeline']) retrieved from /opt/airflow/dags/1_dag_flujo.py
[2026-09-28T00:03:58.824+0000] {logging_mixin.py:149} INFO - [2026-09-28T00:03:58.823+0000] {dag.py:2726} INFO - Sync 1 DAGs
[2026-09-28T00:03:58.889+0000] {logging_mixin.py:149} INFO - [2026-09-28T00:03:58.889+0000] {dag.py:3490} INFO - Setting next_dagrun for cobertura_pipeline to 2026-09-27T23:57:58.888873+00:00, run_after=2026-09-28T00:03:58.888873+00:00
[2026-09-28T00:03:58.938+0000] {processor.py:178} INFO - Processing /opt/airflow/dags/1_dag_flujo.py took 0.357 seconds
[2026-09-28T00:04:29.252+0000] {processor.py:156} INFO - Started process (PID=85) to work on /opt/airflow/dags/1_dag_flujo.py
[2026-09-28T00:04:29.258+0000] {processor.py:799} INFO - Processing file /opt/airflow/dags/1_dag_flujo.py for tasks to queue
[2026-09-28T00:04:29.260+0000] {logging_mixin.py:149} INFO - [2026-09-28T00:04:29.260+0000] {dagbag.py:541} INFO - Filling up the DagBag from /opt/airflow/dags/1_dag_flujo.py
[2026-09-28T00:04:29.401+0000] {processor.py:809} INFO - DAG(s) dict_keys(['cobertura_pipeline']) retrieved from /opt/airflow/dags/1_dag_flujo.py
[2026-09-28T00:04:29.472+0000] {logging_mixin.py:149} INFO - [2026-09-28T00:04:29.472+0000] {dag.py:2726} INFO - Sync 1 DAGs
[2026-09-28T00:04:29.524+0000] {logging_mixin.py:149} INFO - [2026-09-28T00:04:29.523+0000] {dag.py:3490} INFO - Setting next_dagrun for cobertura_pipeline to 2026-09-27T23:58:29.523587+00:00, run_after=2026-09-28T00:04:29.523587+00:00
[2026-09-28T00:04:29.565+0000] {processor.py:178} INFO - Processing /opt/airflow/dags/1_dag_flujo.py took 0.323 seconds
[2026-09-28T00:04:59.853+0000] {processor.py:156} INFO - Started process (PID=100) to work on /opt/airflow/dags/1_dag_flujo.py
[2026-09-28T00:04:59.857+0000] {processor.py:799} INFO - Processing file /opt/airflow/dags/1_dag_flujo.py for tasks to queue
[2026-09-28T00:04:59.859+0000] {logging_mixin.py:149} INFO - [2026-09-28T00:04:59.858+0000] {dagbag.py:541} INFO - Filling up the DagBag from /opt/airflow/dags/1_dag_flujo.py
[2026-09-28T00:04:59.985+0000] {processor.py:809} INFO - DAG(s) dict_keys(['cobertura_pipeline']) retrieved from /opt/airflow/dags/1_dag_flujo.py
[2026-09-28T00:05:00.048+0000] {logging_mixin.py:149} INFO - [2026-09-28T00:05:00.048+0000] {dag.py:2726} INFO - Sync 1 DAGs
[2026-09-28T00:05:00.108+0000] {logging_mixin.py:149} INFO - [2026-09-28T00:05:00.108+0000] {dag.py:3490} INFO - Setting next_dagrun for cobertura_pipeline to 2026-09-27T23:59:00.107730+00:00, run_after=2026-09-28T00:05:00.107730+00:00
[2026-09-28T00:05:00.162+0000] {processor.py:178} INFO - Processing /opt/airflow/dags/1_dag_flujo.py took 0.319 seconds
[2026-09-28T00:05:30.470+0000] {processor.py:156} INFO - Started process (PID=107) to work on /opt/airflow/dags/1_dag_flujo.py
[2026-09-28T00:05:30.477+0000] {processor.py:799} INFO - Processing file /opt/airflow/dags/1_dag_flujo.py for tasks to queue
[2026-09-28T00:05:30.479+0000] {logging_mixin.py:149} INFO - [2026-09-28T00:05:30.479+0000] {dagbag.py:541} INFO - Filling up the DagBag from /opt/airflow/dags/1_dag_flujo.py
[2026-09-28T00:05:30.608+0000] {processor.py:809} INFO - DAG(s) dict_keys(['cobertura_pipeline']) retrieved from /opt/airflow/dags/1_dag_flujo.py
[2026-09-28T00:05:30.686+0000] {logging_mixin.py:149} INFO - [2026-09-28T00:05:30.685+0000] {dag.py:2726} INFO - Sync 1 DAGs
[2026-09-28T00:05:30.753+0000] {logging_mixin.py:149} INFO - [2026-09-28T00:05:30.753+0000] {dag.py:3490} INFO - Setting next_dagrun for cobertura_pipeline to 2026-09-27T23:59:30.752884+00:00, run_after=2026-09-28T00:05:30.752884+00:00
[2026-09-28T00:05:30.815+0000] {processor.py:178} INFO - Processing /opt/airflow/dags/1_dag_flujo.py took 0.355 seconds
[2026-09-28T00:06:01.117+0000] {processor.py:156} INFO - Started process (PID=116) to work on /opt/airflow/dags/1_dag_flujo.py
[2026-09-28T00:06:01.122+0000] {processor.py:799} INFO - Processing file /opt/airflow/dags/1_dag_flujo.py for tasks to queue
[2026-09-28T00:06:01.124+0000] {logging_mixin.py:149} INFO - [2026-09-28T00:06:01.123+0000] {dagbag.py:541} INFO - Filling up the DagBag from /opt/airflow/dags/1_dag_flujo.py
[2026-09-28T00:06:01.284+0000] {processor.py:809} INFO - DAG(s) dict_keys(['cobertura_pipeline']) retrieved from /opt/airflow/dags/1_dag_flujo.py
[2026-09-28T00:06:01.364+0000] {logging_mixin.py:149} INFO - [2026-09-28T00:06:01.364+0000] {dag.py:2726} INFO - Sync 1 DAGs
[2026-09-28T00:06:01.434+0000] {logging_mixin.py:149} INFO - [2026-09-28T00:06:01.434+0000] {dag.py:3490} INFO - Setting next_dagrun for cobertura_pipeline to 2026-09-28T00:00:01.433432+00:00, run_after=2026-09-28T00:06:01.433432+00:00
[2026-09-28T00:06:01.500+0000] {processor.py:178} INFO - Processing /opt/airflow/dags/1_dag_flujo.py took 0.394 seconds
[2026-09-28T00:06:31.804+0000] {processor.py:156} INFO - Started process (PID=124) to work on /opt/airflow/dags/1_dag_flujo.py
[2026-09-28T00:06:31.807+0000] {processor.py:799} INFO - Processing file /opt/airflow/dags/1_dag_flujo.py for tasks to queue
[2026-09-28T00:06:31.809+0000] {logging_mixin.py:149} INFO - [2026-09-28T00:06:31.809+0000] {dagbag.py:541} INFO - Filling up the DagBag from /opt/airflow/dags/1_dag_flujo.py
[2026-09-28T00:06:31.945+0000] {processor.py:809} INFO - DAG(s) dict_keys(['cobertura_pipeline']) retrieved from /opt/airflow/dags/1_dag_flujo.py
[2026-09-28T00:06:32.032+0000] {logging_mixin.py:149} INFO - [2026-09-28T00:06:32.032+0000] {dag.py:2726} INFO - Sync 1 DAGs
[2026-09-28T00:06:32.098+0000] {logging_mixin.py:149} INFO - [2026-09-28T00:06:32.098+0000] {dag.py:3490} INFO - Setting next_dagrun for cobertura_pipeline to 2026-09-28T00:00:32.097501+00:00, run_after=2026-09-28T00:06:32.097501+00:00
[2026-09-28T00:06:32.163+0000] {processor.py:178} INFO - Processing /opt/airflow/dags/1_dag_flujo.py took 0.370 seconds
[2026-09-28T00:07:02.478+0000] {processor.py:156} INFO - Started process (PID=133) to work on /opt/airflow/dags/1_dag_flujo.py
[2026-09-28T00:07:02.485+0000] {processor.py:799} INFO - Processing file /opt/airflow/dags/1_dag_flujo.py for tasks to queue
[2026-09-28T00:07:02.487+0000] {logging_mixin.py:149} INFO - [2026-09-28T00:07:02.486+0000] {dagbag.py:541} INFO - Filling up the DagBag from /opt/airflow/dags/1_dag_flujo.py
[2026-09-28T00:07:02.615+0000] {processor.py:809} INFO - DAG(s) dict_keys(['cobertura_pipeline']) retrieved from /opt/airflow/dags/1_dag_flujo.py
[2026-09-28T00:07:02.678+0000] {logging_mixin.py:149} INFO - [2026-09-28T00:07:02.677+0000] {dag.py:2726} INFO - Sync 1 DAGs
[2026-09-28T00:07:02.747+0000] {logging_mixin.py:149} INFO - [2026-09-28T00:07:02.746+0000] {dag.py:3490} INFO - Setting next_dagrun for cobertura_pipeline to 2026-09-28T00:01:02.745908+00:00, run_after=2026-09-28T00:07:02.745908+00:00
[2026-09-28T00:07:02.813+0000] {processor.py:178} INFO - Processing /opt/airflow/dags/1_dag_flujo.py took 0.345 seconds
[2026-09-28T00:07:33.110+0000] {processor.py:156} INFO - Started process (PID=141) to work on /opt/airflow/dags/1_dag_flujo.py
[2026-09-28T00:07:33.116+0000] {processor.py:799} INFO - Processing file /opt/airflow/dags/1_dag_flujo.py for tasks to queue
[2026-09-28T00:07:33.118+0000] {logging_mixin.py:149} INFO - [2026-09-28T00:07:33.118+0000] {dagbag.py:541} INFO - Filling up the DagBag from /opt/airflow/dags/1_dag_flujo.py
[2026-09-28T00:07:33.257+0000] {processor.py:809} INFO - DAG(s) dict_keys(['cobertura_pipeline']) retrieved from /opt/airflow/dags/1_dag_flujo.py
[2026-09-28T00:07:33.327+0000] {logging_mixin.py:149} INFO - [2026-09-28T00:07:33.326+0000] {dag.py:2726} INFO - Sync 1 DAGs
[2026-09-28T00:07:33.389+0000] {logging_mixin.py:149} INFO - [2026-09-28T00:07:33.389+0000] {dag.py:3490} INFO - Setting next_dagrun for cobertura_pipeline to 2026-09-28T00:01:33.387963+00:00, run_after=2026-09-28T00:07:33.387963+00:00
[2026-09-28T00:07:33.442+0000] {processor.py:178} INFO - Processing /opt/airflow/dags/1_dag_flujo.py took 0.344 seconds
[2026-09-28T00:08:03.712+0000] {processor.py:156} INFO - Started process (PID=148) to work on /opt/airflow/dags/1_dag_flujo.py
[2026-09-28T00:08:03.716+0000] {processor.py:799} INFO - Processing file /opt/airflow/dags/1_dag_flujo.py for tasks to queue
[2026-09-28T00:08:03.718+0000] {logging_mixin.py:149} INFO - [2026-09-28T00:08:03.718+0000] {dagbag.py:541} INFO - Filling up the DagBag from /opt/airflow/dags/1_dag_flujo.py
[2026-09-28T00:08:03.854+0000] {processor.py:809} INFO - DAG(s) dict_keys(['cobertura_pipeline']) retrieved from /opt/airflow/dags/1_dag_flujo.py
[2026-09-28T00:08:03.918+0000] {logging_mixin.py:149} INFO - [2026-09-28T00:08:03.918+0000] {dag.py:2726} INFO - Sync 1 DAGs
[2026-09-28T00:08:03.971+0000] {logging_mixin.py:149} INFO - [2026-09-28T00:08:03.970+0000] {dag.py:3490} INFO - Setting next_dagrun for cobertura_pipeline to 2026-09-28T00:02:03.970190+00:00, run_after=2026-09-28T00:08:03.970190+00:00
[2026-09-28T00:08:04.021+0000] {processor.py:178} INFO - Processing /opt/airflow/dags/1_dag_flujo.py took 0.320 seconds
[2026-09-28T00:08:34.333+0000] {processor.py:156} INFO - Started process (PID=155) to work on /opt/airflow/dags/1_dag_flujo.py
[2026-09-28T00:08:34.338+0000] {processor.py:799} INFO - Processing file /opt/airflow/dags/1_dag_flujo.py for tasks to queue
[2026-09-28T00:08:34.340+0000] {logging_mixin.py:149} INFO - [2026-09-28T00:08:34.340+0000] {dagbag.py:541} INFO - Filling up the DagBag from /opt/airflow/dags/1_dag_flujo.py
[2026-09-28T00:08:34.473+0000] {processor.py:809} INFO - DAG(s) dict_keys(['cobertura_pipeline']) retrieved from /opt/airflow/dags/1_dag_flujo.py
[2026-09-28T00:08:34.537+0000] {logging_mixin.py:149} INFO - [2026-09-28T00:08:34.536+0000] {dag.py:2726} INFO - Sync 1 DAGs
[2026-09-28T00:08:34.595+0000] {logging_mixin.py:149} INFO - [2026-09-28T00:08:34.595+0000] {dag.py:3490} INFO - Setting next_dagrun for cobertura_pipeline to 2026-09-28T00:02:34.594379+00:00, run_after=2026-09-28T00:08:34.594379+00:00
[2026-09-28T00:08:34.651+0000] {processor.py:178} INFO - Processing /opt/airflow/dags/1_dag_flujo.py took 0.330 seconds
[2026-09-28T00:09:04.968+0000] {processor.py:156} INFO - Started process (PID=164) to work on /opt/airflow/dags/1_dag_flujo.py
[2026-09-28T00:09:04.972+0000] {processor.py:799} INFO - Processing file /opt/airflow/dags/1_dag_flujo.py for tasks to queue
[2026-09-28T00:09:04.973+0000] {logging_mixin.py:149} INFO - [2026-09-28T00:09:04.973+0000] {dagbag.py:541} INFO - Filling up the DagBag from /opt/airflow/dags/1_dag_flujo.py
[2026-09-28T00:09:05.128+0000] {processor.py:809} INFO - DAG(s) dict_keys(['cobertura_pipeline']) retrieved from /opt/airflow/dags/1_dag_flujo.py
[2026-09-28T00:09:05.211+0000] {logging_mixin.py:149} INFO - [2026-09-28T00:09:05.210+0000] {dag.py:2726} INFO - Sync 1 DAGs
[2026-09-28T00:09:05.275+0000] {logging_mixin.py:149} INFO - [2026-09-28T00:09:05.275+0000] {dag.py:3490} INFO - Setting next_dagrun for cobertura_pipeline to 2026-09-28T00:03:05.274551+00:00, run_after=2026-09-28T00:09:05.274551+00:00
[2026-09-28T00:09:05.333+0000] {processor.py:178} INFO - Processing /opt/airflow/dags/1_dag_flujo.py took 0.373 seconds
[2026-09-28T00:09:35.634+0000] {processor.py:156} INFO - Started process (PID=172) to work on /opt/airflow/dags/1_dag_flujo.py
[2026-09-28T00:09:35.638+0000] {processor.py:799} INFO - Processing file /opt/airflow/dags/1_dag_flujo.py for tasks to queue
[2026-09-28T00:09:35.639+0000] {logging_mixin.py:149} INFO - [2026-09-28T00:09:35.639+0000] {dagbag.py:541} INFO - Filling up the DagBag from /opt/airflow/dags/1_dag_flujo.py
[2026-09-28T00:09:35.760+0000] {processor.py:809} INFO - DAG(s) dict_keys(['cobertura_pipeline']) retrieved from /opt/airflow/dags/1_dag_flujo.py
[2026-09-28T00:09:35.853+0000] {logging_mixin.py:149} INFO - [2026-09-28T00:09:35.853+0000] {dag.py:2726} INFO - Sync 1 DAGs
[2026-09-28T00:09:35.924+0000] {logging_mixin.py:149} INFO - [2026-09-28T00:09:35.923+0000] {dag.py:3490} INFO - Setting next_dagrun for cobertura_pipeline to 2026-09-28T00:03:35.922881+00:00, run_after=2026-09-28T00:09:35.922881+00:00
[2026-09-28T00:09:35.983+0000] {processor.py:178} INFO - Processing /opt/airflow/dags/1_dag_flujo.py took 0.354 seconds
[2026-09-28T00:10:06.298+0000] {processor.py:156} INFO - Started process (PID=181) to work on /opt/airflow/dags/1_dag_flujo.py
[2026-09-28T00:10:06.304+0000] {processor.py:799} INFO - Processing file /opt/airflow/dags/1_dag_flujo.py for tasks to queue
[2026-09-28T00:10:06.307+0000] {logging_mixin.py:149} INFO - [2026-09-28T00:10:06.306+0000] {dagbag.py:541} INFO - Filling up the DagBag from /opt/airflow/dags/1_dag_flujo.py
[2026-09-28T00:10:06.473+0000] {processor.py:809} INFO - DAG(s) dict_keys(['cobertura_pipeline']) retrieved from /opt/airflow/dags/1_dag_flujo.py
[2026-09-28T00:10:06.576+0000] {logging_mixin.py:149} INFO - [2026-09-28T00:10:06.576+0000] {dag.py:2726} INFO - Sync 1 DAGs
[2026-09-28T00:10:06.638+0000] {logging_mixin.py:149} INFO - [2026-09-28T00:10:06.638+0000] {dag.py:3490} INFO - Setting next_dagrun for cobertura_pipeline to 2026-09-28T00:04:06.637756+00:00, run_after=2026-09-28T00:10:06.637756+00:00
[2026-09-28T00:10:06.692+0000] {processor.py:178} INFO - Processing /opt/airflow/dags/1_dag_flujo.py took 0.409 seconds
[2026-09-28T00:10:36.987+0000] {processor.py:156} INFO - Started process (PID=190) to work on /opt/airflow/dags/1_dag_flujo.py
[2026-09-28T00:10:36.990+0000] {processor.py:799} INFO - Processing file /opt/airflow/dags/1_dag_flujo.py for tasks to queue
[2026-09-28T00:10:36.991+0000] {logging_mixin.py:149} INFO - [2026-09-28T00:10:36.991+0000] {dagbag.py:541} INFO - Filling up the DagBag from /opt/airflow/dags/1_dag_flujo.py
[2026-09-28T00:10:37.145+0000] {processor.py:809} INFO - DAG(s) dict_keys(['cobertura_pipeline']) retrieved from /opt/airflow/dags/1_dag_flujo.py
[2026-09-28T00:10:37.232+0000] {logging_mixin.py:149} INFO - [2026-09-28T00:10:37.232+0000] {dag.py:2726} INFO - Sync 1 DAGs
[2026-09-28T00:10:37.307+0000] {logging_mixin.py:149} INFO - [2026-09-28T00:10:37.306+0000] {dag.py:3490} INFO - Setting next_dagrun for cobertura_pipeline to 2026-09-28T00:04:37.306103+00:00, run_after=2026-09-28T00:10:37.306103+00:00
[2026-09-28T00:10:37.360+0000] {processor.py:178} INFO - Processing /opt/airflow/dags/1_dag_flujo.py took 0.379 seconds
[2026-09-28T00:11:07.681+0000] {processor.py:156} INFO - Started process (PID=198) to work on /opt/airflow/dags/1_dag_flujo.py
[2026-09-28T00:11:07.685+0000] {processor.py:799} INFO - Processing file /opt/airflow/dags/1_dag_flujo.py for tasks to queue
[2026-09-28T00:11:07.688+0000] {logging_mixin.py:149} INFO - [2026-09-28T00:11:07.687+0000] {dagbag.py:541} INFO - Filling up the DagBag from /opt/airflow/dags/1_dag_flujo.py
[2026-09-28T00:11:07.825+0000] {processor.py:809} INFO - DAG(s) dict_keys(['cobertura_pipeline']) retrieved from /opt/airflow/dags/1_dag_flujo.py
[2026-09-28T00:11:07.891+0000] {logging_mixin.py:149} INFO - [2026-09-28T00:11:07.891+0000] {dag.py:2726} INFO - Sync 1 DAGs
[2026-09-28T00:11:07.960+0000] {logging_mixin.py:149} INFO - [2026-09-28T00:11:07.959+0000] {dag.py:3490} INFO - Setting next_dagrun for cobertura_pipeline to 2026-09-28T00:05:07.958709+00:00, run_after=2026-09-28T00:11:07.958709+00:00
[2026-09-28T00:11:08.016+0000] {processor.py:178} INFO - Processing /opt/airflow/dags/1_dag_flujo.py took 0.348 seconds
[2026-09-28T00:11:38.321+0000] {processor.py:156} INFO - Started process (PID=206) to work on /opt/airflow/dags/1_dag_flujo.py
[2026-09-28T00:11:38.324+0000] {processor.py:799} INFO - Processing file /opt/airflow/dags/1_dag_flujo.py for tasks to queue
[2026-09-28T00:11:38.326+0000] {logging_mixin.py:149} INFO - [2026-09-28T00:11:38.326+0000] {dagbag.py:541} INFO - Filling up the DagBag from /opt/airflow/dags/1_dag_flujo.py
[2026-09-28T00:11:38.487+0000] {processor.py:809} INFO - DAG(s) dict_keys(['cobertura_pipeline']) retrieved from /opt/airflow/dags/1_dag_flujo.py
[2026-09-28T00:11:38.577+0000] {logging_mixin.py:149} INFO - [2026-09-28T00:11:38.577+0000] {dag.py:2726} INFO - Sync 1 DAGs
[2026-09-28T00:11:38.640+0000] {logging_mixin.py:149} INFO - [2026-09-28T00:11:38.639+0000] {dag.py:3490} INFO - Setting next_dagrun for cobertura_pipeline to 2026-09-28T00:05:38.639240+00:00, run_after=2026-09-28T00:11:38.639240+00:00
[2026-09-28T00:11:38.692+0000] {processor.py:178} INFO - Processing /opt/airflow/dags/1_dag_flujo.py took 0.381 seconds
[2026-09-28T00:12:08.988+0000] {processor.py:156} INFO - Started process (PID=214) to work on /opt/airflow/dags/1_dag_flujo.py
[2026-09-28T00:12:08.998+0000] {processor.py:799} INFO - Processing file /opt/airflow/dags/1_dag_flujo.py for tasks to queue
[2026-09-28T00:12:09.000+0000] {logging_mixin.py:149} INFO - [2026-09-28T00:12:08.999+0000] {dagbag.py:541} INFO - Filling up the DagBag from /opt/airflow/dags/1_dag_flujo.py
[2026-09-28T00:12:09.151+0000] {processor.py:809} INFO - DAG(s) dict_keys(['cobertura_pipeline']) retrieved from /opt/airflow/dags/1_dag_flujo.py
[2026-09-28T00:12:09.191+0000] {logging_mixin.py:149} INFO - [2026-09-28T00:12:09.190+0000] {dag.py:2726} INFO - Sync 1 DAGs
[2026-09-28T00:12:09.225+0000] {logging_mixin.py:149} INFO - [2026-09-28T00:12:09.225+0000] {dag.py:3490} INFO - Setting next_dagrun for cobertura_pipeline to 2026-09-28T00:06:09.224995+00:00, run_after=2026-09-28T00:12:09.224995+00:00
[2026-09-28T00:12:09.262+0000] {processor.py:178} INFO - Processing /opt/airflow/dags/1_dag_flujo.py took 0.285 seconds
[2026-09-28T00:12:39.575+0000] {processor.py:156} INFO - Started process (PID=222) to work on /opt/airflow/dags/1_dag_flujo.py
[2026-09-28T00:12:39.580+0000] {processor.py:799} INFO - Processing file /opt/airflow/dags/1_dag_flujo.py for tasks to queue
[2026-09-28T00:12:39.582+0000] {logging_mixin.py:149} INFO - [2026-09-28T00:12:39.582+0000] {dagbag.py:541} INFO - Filling up the DagBag from /opt/airflow/dags/1_dag_flujo.py
[2026-09-28T00:12:39.751+0000] {processor.py:809} INFO - DAG(s) dict_keys(['cobertura_pipeline']) retrieved from /opt/airflow/dags/1_dag_flujo.py
[2026-09-28T00:12:39.839+0000] {logging_mixin.py:149} INFO - [2026-09-28T00:12:39.839+0000] {dag.py:2726} INFO - Sync 1 DAGs
[2026-09-28T00:12:39.904+0000] {logging_mixin.py:149} INFO - [2026-09-28T00:12:39.904+0000] {dag.py:3490} INFO - Setting next_dagrun for cobertura_pipeline to 2026-09-28T00:06:39.903756+00:00, run_after=2026-09-28T00:12:39.903756+00:00
[2026-09-28T00:12:39.963+0000] {processor.py:178} INFO - Processing /opt/airflow/dags/1_dag_flujo.py took 0.400 seconds
[2026-09-28T00:13:10.259+0000] {processor.py:156} INFO - Started process (PID=230) to work on /opt/airflow/dags/1_dag_flujo.py
[2026-09-28T00:13:10.264+0000] {processor.py:799} INFO - Processing file /opt/airflow/dags/1_dag_flujo.py for tasks to queue
[2026-09-28T00:13:10.266+0000] {logging_mixin.py:149} INFO - [2026-09-28T00:13:10.265+0000] {dagbag.py:541} INFO - Filling up the DagBag from /opt/airflow/dags/1_dag_flujo.py
[2026-09-28T00:13:10.400+0000] {processor.py:809} INFO - DAG(s) dict_keys(['cobertura_pipeline']) retrieved from /opt/airflow/dags/1_dag_flujo.py
[2026-09-28T00:13:10.489+0000] {logging_mixin.py:149} INFO - [2026-09-28T00:13:10.488+0000] {dag.py:2726} INFO - Sync 1 DAGs
[2026-09-28T00:13:10.566+0000] {logging_mixin.py:149} INFO - [2026-09-28T00:13:10.565+0000] {dag.py:3490} INFO - Setting next_dagrun for cobertura_pipeline to 2026-09-28T00:07:10.564370+00:00, run_after=2026-09-28T00:13:10.564370+00:00
[2026-09-28T00:13:10.627+0000] {processor.py:178} INFO - Processing /opt/airflow/dags/1_dag_flujo.py took 0.379 seconds
[2026-09-28T00:13:40.911+0000] {processor.py:156} INFO - Started process (PID=238) to work on /opt/airflow/dags/1_dag_flujo.py
[2026-09-28T00:13:40.915+0000] {processor.py:799} INFO - Processing file /opt/airflow/dags/1_dag_flujo.py for tasks to queue
[2026-09-28T00:13:40.917+0000] {logging_mixin.py:149} INFO - [2026-09-28T00:13:40.917+0000] {dagbag.py:541} INFO - Filling up the DagBag from /opt/airflow/dags/1_dag_flujo.py
[2026-09-28T00:13:41.059+0000] {processor.py:809} INFO - DAG(s) dict_keys(['cobertura_pipeline']) retrieved from /opt/airflow/dags/1_dag_flujo.py
[2026-09-28T00:13:41.138+0000] {logging_mixin.py:149} INFO - [2026-09-28T00:13:41.137+0000] {dag.py:2726} INFO - Sync 1 DAGs
[2026-09-28T00:13:41.202+0000] {logging_mixin.py:149} INFO - [2026-09-28T00:13:41.201+0000] {dag.py:3490} INFO - Setting next_dagrun for cobertura_pipeline to 2026-09-28T00:07:41.201282+00:00, run_after=2026-09-28T00:13:41.201282+00:00
[2026-09-28T00:13:41.260+0000] {processor.py:178} INFO - Processing /opt/airflow/dags/1_dag_flujo.py took 0.361 seconds
[2026-09-28T00:14:11.550+0000] {processor.py:156} INFO - Started process (PID=247) to work on /opt/airflow/dags/1_dag_flujo.py
[2026-09-28T00:14:11.560+0000] {processor.py:799} INFO - Processing file /opt/airflow/dags/1_dag_flujo.py for tasks to queue
[2026-09-28T00:14:11.562+0000] {logging_mixin.py:149} INFO - [2026-09-28T00:14:11.562+0000] {dagbag.py:541} INFO - Filling up the DagBag from /opt/airflow/dags/1_dag_flujo.py
[2026-09-28T00:14:11.708+0000] {processor.py:809} INFO - DAG(s) dict_keys(['cobertura_pipeline']) retrieved from /opt/airflow/dags/1_dag_flujo.py
[2026-09-28T00:14:11.771+0000] {logging_mixin.py:149} INFO - [2026-09-28T00:14:11.771+0000] {dag.py:2726} INFO - Sync 1 DAGs
[2026-09-28T00:14:11.826+0000] {logging_mixin.py:149} INFO - [2026-09-28T00:14:11.825+0000] {dag.py:3490} INFO - Setting next_dagrun for cobertura_pipeline to 2026-09-28T00:08:11.825525+00:00, run_after=2026-09-28T00:14:11.825525+00:00
[2026-09-28T00:14:11.873+0000] {processor.py:178} INFO - Processing /opt/airflow/dags/1_dag_flujo.py took 0.339 seconds
[2026-09-28T00:14:42.194+0000] {processor.py:156} INFO - Started process (PID=255) to work on /opt/airflow/dags/1_dag_flujo.py
[2026-09-28T00:14:42.198+0000] {processor.py:799} INFO - Processing file /opt/airflow/dags/1_dag_flujo.py for tasks to queue
[2026-09-28T00:14:42.200+0000] {logging_mixin.py:149} INFO - [2026-09-28T00:14:42.199+0000] {dagbag.py:541} INFO - Filling up the DagBag from /opt/airflow/dags/1_dag_flujo.py
[2026-09-28T00:14:42.355+0000] {processor.py:809} INFO - DAG(s) dict_keys(['cobertura_pipeline']) retrieved from /opt/airflow/dags/1_dag_flujo.py
[2026-09-28T00:14:42.429+0000] {logging_mixin.py:149} INFO - [2026-09-28T00:14:42.428+0000] {dag.py:2726} INFO - Sync 1 DAGs
[2026-09-28T00:14:42.509+0000] {logging_mixin.py:149} INFO - [2026-09-28T00:14:42.509+0000] {dag.py:3490} INFO - Setting next_dagrun for cobertura_pipeline to 2026-09-28T00:08:42.508333+00:00, run_after=2026-09-28T00:14:42.508333+00:00
[2026-09-28T00:14:42.572+0000] {processor.py:178} INFO - Processing /opt/airflow/dags/1_dag_flujo.py took 0.389 seconds
[2026-09-28T00:15:12.936+0000] {processor.py:156} INFO - Started process (PID=263) to work on /opt/airflow/dags/1_dag_flujo.py
[2026-09-28T00:15:12.942+0000] {processor.py:799} INFO - Processing file /opt/airflow/dags/1_dag_flujo.py for tasks to queue
[2026-09-28T00:15:12.944+0000] {logging_mixin.py:149} INFO - [2026-09-28T00:15:12.944+0000] {dagbag.py:541} INFO - Filling up the DagBag from /opt/airflow/dags/1_dag_flujo.py
[2026-09-28T00:15:13.079+0000] {processor.py:809} INFO - DAG(s) dict_keys(['cobertura_pipeline']) retrieved from /opt/airflow/dags/1_dag_flujo.py
[2026-09-28T00:15:13.150+0000] {logging_mixin.py:149} INFO - [2026-09-28T00:15:13.150+0000] {dag.py:2726} INFO - Sync 1 DAGs
[2026-09-28T00:15:13.218+0000] {logging_mixin.py:149} INFO - [2026-09-28T00:15:13.217+0000] {dag.py:3490} INFO - Setting next_dagrun for cobertura_pipeline to 2026-09-28T00:09:13.217201+00:00, run_after=2026-09-28T00:15:13.217201+00:00
[2026-09-28T00:15:13.269+0000] {processor.py:178} INFO - Processing /opt/airflow/dags/1_dag_flujo.py took 0.346 seconds
[2026-09-28T00:15:43.589+0000] {processor.py:156} INFO - Started process (PID=271) to work on /opt/airflow/dags/1_dag_flujo.py
[2026-09-28T00:15:43.592+0000] {processor.py:799} INFO - Processing file /opt/airflow/dags/1_dag_flujo.py for tasks to queue
[2026-09-28T00:15:43.593+0000] {logging_mixin.py:149} INFO - [2026-09-28T00:15:43.593+0000] {dagbag.py:541} INFO - Filling up the DagBag from /opt/airflow/dags/1_dag_flujo.py
[2026-09-28T00:15:43.724+0000] {processor.py:809} INFO - DAG(s) dict_keys(['cobertura_pipeline']) retrieved from /opt/airflow/dags/1_dag_flujo.py
[2026-09-28T00:15:43.819+0000] {logging_mixin.py:149} INFO - [2026-09-28T00:15:43.818+0000] {dag.py:2726} INFO - Sync 1 DAGs
[2026-09-28T00:15:43.894+0000] {logging_mixin.py:149} INFO - [2026-09-28T00:15:43.894+0000] {dag.py:3490} INFO - Setting next_dagrun for cobertura_pipeline to 2026-09-28T00:09:43.893545+00:00, run_after=2026-09-28T00:15:43.893545+00:00
[2026-09-28T00:15:43.962+0000] {processor.py:178} INFO - Processing /opt/airflow/dags/1_dag_flujo.py took 0.381 seconds
[2026-09-28T00:16:14.266+0000] {processor.py:156} INFO - Started process (PID=279) to work on /opt/airflow/dags/1_dag_flujo.py
[2026-09-28T00:16:14.275+0000] {processor.py:799} INFO - Processing file /opt/airflow/dags/1_dag_flujo.py for tasks to queue
[2026-09-28T00:16:14.277+0000] {logging_mixin.py:149} INFO - [2026-09-28T00:16:14.276+0000] {dagbag.py:541} INFO - Filling up the DagBag from /opt/airflow/dags/1_dag_flujo.py
[2026-09-28T00:16:14.408+0000] {processor.py:809} INFO - DAG(s) dict_keys(['cobertura_pipeline']) retrieved from /opt/airflow/dags/1_dag_flujo.py
[2026-09-28T00:16:14.473+0000] {logging_mixin.py:149} INFO - [2026-09-28T00:16:14.473+0000] {dag.py:2726} INFO - Sync 1 DAGs
[2026-09-28T00:16:14.548+0000] {logging_mixin.py:149} INFO - [2026-09-28T00:16:14.547+0000] {dag.py:3490} INFO - Setting next_dagrun for cobertura_pipeline to 2026-09-28T00:10:14.547135+00:00, run_after=2026-09-28T00:16:14.547135+00:00
[2026-09-28T00:16:14.606+0000] {processor.py:178} INFO - Processing /opt/airflow/dags/1_dag_flujo.py took 0.353 seconds
[2026-09-28T00:16:44.932+0000] {processor.py:156} INFO - Started process (PID=286) to work on /opt/airflow/dags/1_dag_flujo.py
[2026-09-28T00:16:44.938+0000] {processor.py:799} INFO - Processing file /opt/airflow/dags/1_dag_flujo.py for tasks to queue
[2026-09-28T00:16:44.941+0000] {logging_mixin.py:149} INFO - [2026-09-28T00:16:44.940+0000] {dagbag.py:541} INFO - Filling up the DagBag from /opt/airflow/dags/1_dag_flujo.py
[2026-09-28T00:16:45.082+0000] {processor.py:809} INFO - DAG(s) dict_keys(['cobertura_pipeline']) retrieved from /opt/airflow/dags/1_dag_flujo.py
[2026-09-28T00:16:45.150+0000] {logging_mixin.py:149} INFO - [2026-09-28T00:16:45.150+0000] {dag.py:2726} INFO - Sync 1 DAGs
[2026-09-28T00:16:45.208+0000] {logging_mixin.py:149} INFO - [2026-09-28T00:16:45.208+0000] {dag.py:3490} INFO - Setting next_dagrun for cobertura_pipeline to 2026-09-28T00:10:45.207567+00:00, run_after=2026-09-28T00:16:45.207567+00:00
[2026-09-28T00:16:45.260+0000] {processor.py:178} INFO - Processing /opt/airflow/dags/1_dag_flujo.py took 0.340 seconds
[2026-09-28T00:17:15.542+0000] {processor.py:156} INFO - Started process (PID=294) to work on /opt/airflow/dags/1_dag_flujo.py
[2026-09-28T00:17:15.547+0000] {processor.py:799} INFO - Processing file /opt/airflow/dags/1_dag_flujo.py for tasks to queue
[2026-09-28T00:17:15.550+0000] {logging_mixin.py:149} INFO - [2026-09-28T00:17:15.549+0000] {dagbag.py:541} INFO - Filling up the DagBag from /opt/airflow/dags/1_dag_flujo.py
[2026-09-28T00:17:15.688+0000] {processor.py:809} INFO - DAG(s) dict_keys(['cobertura_pipeline']) retrieved from /opt/airflow/dags/1_dag_flujo.py
[2026-09-28T00:17:15.742+0000] {logging_mixin.py:149} INFO - [2026-09-28T00:17:15.742+0000] {dag.py:2726} INFO - Sync 1 DAGs
[2026-09-28T00:17:15.823+0000] {logging_mixin.py:149} INFO - [2026-09-28T00:17:15.823+0000] {dag.py:3490} INFO - Setting next_dagrun for cobertura_pipeline to 2026-09-28T00:11:15.822518+00:00, run_after=2026-09-28T00:17:15.822518+00:00
[2026-09-28T00:17:15.885+0000] {processor.py:178} INFO - Processing /opt/airflow/dags/1_dag_flujo.py took 0.353 seconds
[2026-09-28T00:17:46.200+0000] {processor.py:156} INFO - Started process (PID=302) to work on /opt/airflow/dags/1_dag_flujo.py
[2026-09-28T00:17:46.209+0000] {processor.py:799} INFO - Processing file /opt/airflow/dags/1_dag_flujo.py for tasks to queue
[2026-09-28T00:17:46.211+0000] {logging_mixin.py:149} INFO - [2026-09-28T00:17:46.211+0000] {dagbag.py:541} INFO - Filling up the DagBag from /opt/airflow/dags/1_dag_flujo.py
[2026-09-28T00:17:46.355+0000] {processor.py:809} INFO - DAG(s) dict_keys(['cobertura_pipeline']) retrieved from /opt/airflow/dags/1_dag_flujo.py
[2026-09-28T00:17:46.433+0000] {logging_mixin.py:149} INFO - [2026-09-28T00:17:46.433+0000] {dag.py:2726} INFO - Sync 1 DAGs
[2026-09-28T00:17:46.493+0000] {logging_mixin.py:149} INFO - [2026-09-28T00:17:46.492+0000] {dag.py:3490} INFO - Setting next_dagrun for cobertura_pipeline to 2026-09-28T00:11:46.492406+00:00, run_after=2026-09-28T00:17:46.492406+00:00
[2026-09-28T00:17:46.558+0000] {processor.py:178} INFO - Processing /opt/airflow/dags/1_dag_flujo.py took 0.366 seconds
[2026-09-28T00:18:16.890+0000] {processor.py:156} INFO - Started process (PID=310) to work on /opt/airflow/dags/1_dag_flujo.py
[2026-09-28T00:18:16.904+0000] {processor.py:799} INFO - Processing file /opt/airflow/dags/1_dag_flujo.py for tasks to queue
[2026-09-28T00:18:16.908+0000] {logging_mixin.py:149} INFO - [2026-09-28T00:18:16.907+0000] {dagbag.py:541} INFO - Filling up the DagBag from /opt/airflow/dags/1_dag_flujo.py
[2026-09-28T00:18:17.117+0000] {processor.py:809} INFO - DAG(s) dict_keys(['cobertura_pipeline']) retrieved from /opt/airflow/dags/1_dag_flujo.py
[2026-09-28T00:18:17.165+0000] {logging_mixin.py:149} INFO - [2026-09-28T00:18:17.165+0000] {dag.py:2726} INFO - Sync 1 DAGs
[2026-09-28T00:18:17.210+0000] {logging_mixin.py:149} INFO - [2026-09-28T00:18:17.210+0000] {dag.py:3490} INFO - Setting next_dagrun for cobertura_pipeline to 2026-09-28T00:12:17.210014+00:00, run_after=2026-09-28T00:18:17.210014+00:00
[2026-09-28T00:18:17.253+0000] {processor.py:178} INFO - Processing /opt/airflow/dags/1_dag_flujo.py took 0.374 seconds
[2026-09-28T00:18:47.555+0000] {processor.py:156} INFO - Started process (PID=318) to work on /opt/airflow/dags/1_dag_flujo.py
[2026-09-28T00:18:47.560+0000] {processor.py:799} INFO - Processing file /opt/airflow/dags/1_dag_flujo.py for tasks to queue
[2026-09-28T00:18:47.562+0000] {logging_mixin.py:149} INFO - [2026-09-28T00:18:47.561+0000] {dagbag.py:541} INFO - Filling up the DagBag from /opt/airflow/dags/1_dag_flujo.py
[2026-09-28T00:18:47.707+0000] {processor.py:809} INFO - DAG(s) dict_keys(['cobertura_pipeline']) retrieved from /opt/airflow/dags/1_dag_flujo.py
[2026-09-28T00:18:47.749+0000] {logging_mixin.py:149} INFO - [2026-09-28T00:18:47.749+0000] {dag.py:2726} INFO - Sync 1 DAGs
[2026-09-28T00:18:47.788+0000] {logging_mixin.py:149} INFO - [2026-09-28T00:18:47.788+0000] {dag.py:3490} INFO - Setting next_dagrun for cobertura_pipeline to 2026-09-28T00:12:47.787730+00:00, run_after=2026-09-28T00:18:47.787730+00:00
[2026-09-28T00:18:47.813+0000] {processor.py:178} INFO - Processing /opt/airflow/dags/1_dag_flujo.py took 0.269 seconds
[2026-09-28T00:19:18.101+0000] {processor.py:156} INFO - Started process (PID=327) to work on /opt/airflow/dags/1_dag_flujo.py
[2026-09-28T00:19:18.106+0000] {processor.py:799} INFO - Processing file /opt/airflow/dags/1_dag_flujo.py for tasks to queue
[2026-09-28T00:19:18.109+0000] {logging_mixin.py:149} INFO - [2026-09-28T00:19:18.108+0000] {dagbag.py:541} INFO - Filling up the DagBag from /opt/airflow/dags/1_dag_flujo.py
[2026-09-28T00:19:18.243+0000] {processor.py:809} INFO - DAG(s) dict_keys(['cobertura_pipeline']) retrieved from /opt/airflow/dags/1_dag_flujo.py
[2026-09-28T00:19:18.327+0000] {logging_mixin.py:149} INFO - [2026-09-28T00:19:18.327+0000] {dag.py:2726} INFO - Sync 1 DAGs
[2026-09-28T00:19:18.391+0000] {logging_mixin.py:149} INFO - [2026-09-28T00:19:18.390+0000] {dag.py:3490} INFO - Setting next_dagrun for cobertura_pipeline to 2026-09-28T00:13:18.390131+00:00, run_after=2026-09-28T00:19:18.390131+00:00
[2026-09-28T00:19:18.442+0000] {processor.py:178} INFO - Processing /opt/airflow/dags/1_dag_flujo.py took 0.351 seconds
[2026-09-28T00:19:48.738+0000] {processor.py:156} INFO - Started process (PID=335) to work on /opt/airflow/dags/1_dag_flujo.py
[2026-09-28T00:19:48.742+0000] {processor.py:799} INFO - Processing file /opt/airflow/dags/1_dag_flujo.py for tasks to queue
[2026-09-28T00:19:48.744+0000] {logging_mixin.py:149} INFO - [2026-09-28T00:19:48.743+0000] {dagbag.py:541} INFO - Filling up the DagBag from /opt/airflow/dags/1_dag_flujo.py
[2026-09-28T00:19:48.949+0000] {processor.py:809} INFO - DAG(s) dict_keys(['cobertura_pipeline']) retrieved from /opt/airflow/dags/1_dag_flujo.py
[2026-09-28T00:19:49.021+0000] {logging_mixin.py:149} INFO - [2026-09-28T00:19:49.021+0000] {dag.py:2726} INFO - Sync 1 DAGs
[2026-09-28T00:19:49.096+0000] {logging_mixin.py:149} INFO - [2026-09-28T00:19:49.096+0000] {dag.py:3490} INFO - Setting next_dagrun for cobertura_pipeline to 2026-09-28T00:13:49.095380+00:00, run_after=2026-09-28T00:19:49.095380+00:00
[2026-09-28T00:19:49.157+0000] {processor.py:178} INFO - Processing /opt/airflow/dags/1_dag_flujo.py took 0.430 seconds
[2026-09-28T00:20:19.473+0000] {processor.py:156} INFO - Started process (PID=343) to work on /opt/airflow/dags/1_dag_flujo.py
[2026-09-28T00:20:19.479+0000] {processor.py:799} INFO - Processing file /opt/airflow/dags/1_dag_flujo.py for tasks to queue
[2026-09-28T00:20:19.481+0000] {logging_mixin.py:149} INFO - [2026-09-28T00:20:19.481+0000] {dagbag.py:541} INFO - Filling up the DagBag from /opt/airflow/dags/1_dag_flujo.py
[2026-09-28T00:20:19.620+0000] {processor.py:809} INFO - DAG(s) dict_keys(['cobertura_pipeline']) retrieved from /opt/airflow/dags/1_dag_flujo.py
[2026-09-28T00:20:19.680+0000] {logging_mixin.py:149} INFO - [2026-09-28T00:20:19.680+0000] {dag.py:2726} INFO - Sync 1 DAGs
[2026-09-28T00:20:19.730+0000] {logging_mixin.py:149} INFO - [2026-09-28T00:20:19.730+0000] {dag.py:3490} INFO - Setting next_dagrun for cobertura_pipeline to 2026-09-28T00:14:19.730056+00:00, run_after=2026-09-28T00:20:19.730056+00:00
[2026-09-28T00:20:19.788+0000] {processor.py:178} INFO - Processing /opt/airflow/dags/1_dag_flujo.py took 0.328 seconds
[2026-09-28T00:20:50.082+0000] {processor.py:156} INFO - Started process (PID=351) to work on /opt/airflow/dags/1_dag_flujo.py
[2026-09-28T00:20:50.085+0000] {processor.py:799} INFO - Processing file /opt/airflow/dags/1_dag_flujo.py for tasks to queue
[2026-09-28T00:20:50.087+0000] {logging_mixin.py:149} INFO - [2026-09-28T00:20:50.087+0000] {dagbag.py:541} INFO - Filling up the DagBag from /opt/airflow/dags/1_dag_flujo.py
[2026-09-28T00:20:50.217+0000] {processor.py:809} INFO - DAG(s) dict_keys(['cobertura_pipeline']) retrieved from /opt/airflow/dags/1_dag_flujo.py
[2026-09-28T00:20:50.284+0000] {logging_mixin.py:149} INFO - [2026-09-28T00:20:50.283+0000] {dag.py:2726} INFO - Sync 1 DAGs
[2026-09-28T00:20:50.353+0000] {logging_mixin.py:149} INFO - [2026-09-28T00:20:50.352+0000] {dag.py:3490} INFO - Setting next_dagrun for cobertura_pipeline to 2026-09-28T00:14:50.352303+00:00, run_after=2026-09-28T00:20:50.352303+00:00
[2026-09-28T00:20:50.406+0000] {processor.py:178} INFO - Processing /opt/airflow/dags/1_dag_flujo.py took 0.333 seconds
[2026-09-28T00:21:20.751+0000] {processor.py:156} INFO - Started process (PID=359) to work on /opt/airflow/dags/1_dag_flujo.py
[2026-09-28T00:21:20.761+0000] {processor.py:799} INFO - Processing file /opt/airflow/dags/1_dag_flujo.py for tasks to queue
[2026-09-28T00:21:20.763+0000] {logging_mixin.py:149} INFO - [2026-09-28T00:21:20.763+0000] {dagbag.py:541} INFO - Filling up the DagBag from /opt/airflow/dags/1_dag_flujo.py
[2026-09-28T00:21:20.899+0000] {processor.py:809} INFO - DAG(s) dict_keys(['cobertura_pipeline']) retrieved from /opt/airflow/dags/1_dag_flujo.py
[2026-09-28T00:21:20.970+0000] {logging_mixin.py:149} INFO - [2026-09-28T00:21:20.970+0000] {dag.py:2726} INFO - Sync 1 DAGs
[2026-09-28T00:21:21.030+0000] {logging_mixin.py:149} INFO - [2026-09-28T00:21:21.030+0000] {dag.py:3490} INFO - Setting next_dagrun for cobertura_pipeline to 2026-09-28T00:15:21.029609+00:00, run_after=2026-09-28T00:21:21.029609+00:00
[2026-09-28T00:21:21.094+0000] {processor.py:178} INFO - Processing /opt/airflow/dags/1_dag_flujo.py took 0.353 seconds
[2026-09-28T00:21:51.376+0000] {processor.py:156} INFO - Started process (PID=368) to work on /opt/airflow/dags/1_dag_flujo.py
[2026-09-28T00:21:51.381+0000] {processor.py:799} INFO - Processing file /opt/airflow/dags/1_dag_flujo.py for tasks to queue
[2026-09-28T00:21:51.383+0000] {logging_mixin.py:149} INFO - [2026-09-28T00:21:51.382+0000] {dagbag.py:541} INFO - Filling up the DagBag from /opt/airflow/dags/1_dag_flujo.py
[2026-09-28T00:21:51.509+0000] {processor.py:809} INFO - DAG(s) dict_keys(['cobertura_pipeline']) retrieved from /opt/airflow/dags/1_dag_flujo.py
[2026-09-28T00:21:51.573+0000] {logging_mixin.py:149} INFO - [2026-09-28T00:21:51.572+0000] {dag.py:2726} INFO - Sync 1 DAGs
[2026-09-28T00:21:51.629+0000] {logging_mixin.py:149} INFO - [2026-09-28T00:21:51.628+0000] {dag.py:3490} INFO - Setting next_dagrun for cobertura_pipeline to 2026-09-28T00:15:51.628025+00:00, run_after=2026-09-28T00:21:51.628025+00:00
[2026-09-28T00:21:51.695+0000] {processor.py:178} INFO - Processing /opt/airflow/dags/1_dag_flujo.py took 0.331 seconds
[2026-09-28T00:22:02.858+0000] {processor.py:156} INFO - Started process (PID=369) to work on /opt/airflow/dags/1_dag_flujo.py
[2026-09-28T00:22:02.908+0000] {processor.py:799} INFO - Processing file /opt/airflow/dags/1_dag_flujo.py for tasks to queue
[2026-09-28T00:22:02.912+0000] {logging_mixin.py:149} INFO - [2026-09-28T00:22:02.911+0000] {dagbag.py:541} INFO - Filling up the DagBag from /opt/airflow/dags/1_dag_flujo.py
[2026-09-28T00:22:03.060+0000] {logging_mixin.py:149} INFO - [2026-09-28T00:22:03.049+0000] {dagbag.py:350} ERROR - Failed to import: /opt/airflow/dags/1_dag_flujo.py
Traceback (most recent call last):
  File "/home/airflow/.local/lib/python3.7/site-packages/airflow/models/dagbag.py", line 346, in parse
    loader.exec_module(new_module)
  File "<frozen importlib._bootstrap_external>", line 728, in exec_module
  File "<frozen importlib._bootstrap>", line 219, in _call_with_frames_removed
  File "/opt/airflow/dags/1_dag_flujo.py", line 212, in <module>
    t4 = PythonOperator(task_id='entrenar_y_evaluar', python_callable=entrenar)
NameError: name 'entrenar' is not defined
[2026-09-28T00:22:03.060+0000] {processor.py:811} WARNING - No viable dags retrieved from /opt/airflow/dags/1_dag_flujo.py
[2026-09-28T00:22:03.134+0000] {processor.py:178} INFO - Processing /opt/airflow/dags/1_dag_flujo.py took 0.289 seconds
[2026-09-28T00:22:26.388+0000] {processor.py:156} INFO - Started process (PID=377) to work on /opt/airflow/dags/1_dag_flujo.py
[2026-09-28T00:22:26.393+0000] {processor.py:799} INFO - Processing file /opt/airflow/dags/1_dag_flujo.py for tasks to queue
[2026-09-28T00:22:26.395+0000] {logging_mixin.py:149} INFO - [2026-09-28T00:22:26.395+0000] {dagbag.py:541} INFO - Filling up the DagBag from /opt/airflow/dags/1_dag_flujo.py
[2026-09-28T00:22:26.409+0000] {logging_mixin.py:149} INFO - [2026-09-28T00:22:26.406+0000] {dagbag.py:350} ERROR - Failed to import: /opt/airflow/dags/1_dag_flujo.py
Traceback (most recent call last):
  File "/home/airflow/.local/lib/python3.7/site-packages/airflow/models/dagbag.py", line 346, in parse
    loader.exec_module(new_module)
  File "<frozen importlib._bootstrap_external>", line 724, in exec_module
  File "<frozen importlib._bootstrap_external>", line 860, in get_code
  File "<frozen importlib._bootstrap_external>", line 791, in source_to_code
  File "<frozen importlib._bootstrap>", line 219, in _call_with_frames_removed
  File "/opt/airflow/dags/1_dag_flujo.py", line 214
    t2 = PythonOperator(
                       ^
IndentationError: unindent does not match any outer indentation level
[2026-09-28T00:22:26.410+0000] {processor.py:811} WARNING - No viable dags retrieved from /opt/airflow/dags/1_dag_flujo.py
[2026-09-28T00:22:26.491+0000] {processor.py:178} INFO - Processing /opt/airflow/dags/1_dag_flujo.py took 0.116 seconds
[2026-09-28T00:22:56.660+0000] {processor.py:156} INFO - Started process (PID=385) to work on /opt/airflow/dags/1_dag_flujo.py
[2026-09-28T00:22:56.669+0000] {processor.py:799} INFO - Processing file /opt/airflow/dags/1_dag_flujo.py for tasks to queue
[2026-09-28T00:22:56.671+0000] {logging_mixin.py:149} INFO - [2026-09-28T00:22:56.671+0000] {dagbag.py:541} INFO - Filling up the DagBag from /opt/airflow/dags/1_dag_flujo.py
[2026-09-28T00:22:56.682+0000] {logging_mixin.py:149} INFO - [2026-09-28T00:22:56.679+0000] {dagbag.py:350} ERROR - Failed to import: /opt/airflow/dags/1_dag_flujo.py
Traceback (most recent call last):
  File "/home/airflow/.local/lib/python3.7/site-packages/airflow/models/dagbag.py", line 346, in parse
    loader.exec_module(new_module)
  File "<frozen importlib._bootstrap_external>", line 724, in exec_module
  File "<frozen importlib._bootstrap_external>", line 860, in get_code
  File "<frozen importlib._bootstrap_external>", line 791, in source_to_code
  File "<frozen importlib._bootstrap>", line 219, in _call_with_frames_removed
  File "/opt/airflow/dags/1_dag_flujo.py", line 214
    t2 = PythonOperator(
                       ^
IndentationError: unindent does not match any outer indentation level
[2026-09-28T00:22:56.683+0000] {processor.py:811} WARNING - No viable dags retrieved from /opt/airflow/dags/1_dag_flujo.py
[2026-09-28T00:22:56.749+0000] {processor.py:178} INFO - Processing /opt/airflow/dags/1_dag_flujo.py took 0.100 seconds
[2026-09-28T00:23:26.980+0000] {processor.py:156} INFO - Started process (PID=393) to work on /opt/airflow/dags/1_dag_flujo.py
[2026-09-28T00:23:26.986+0000] {processor.py:799} INFO - Processing file /opt/airflow/dags/1_dag_flujo.py for tasks to queue
[2026-09-28T00:23:26.989+0000] {logging_mixin.py:149} INFO - [2026-09-28T00:23:26.988+0000] {dagbag.py:541} INFO - Filling up the DagBag from /opt/airflow/dags/1_dag_flujo.py
[2026-09-28T00:23:27.000+0000] {logging_mixin.py:149} INFO - [2026-09-28T00:23:26.998+0000] {dagbag.py:350} ERROR - Failed to import: /opt/airflow/dags/1_dag_flujo.py
Traceback (most recent call last):
  File "/home/airflow/.local/lib/python3.7/site-packages/airflow/models/dagbag.py", line 346, in parse
    loader.exec_module(new_module)
  File "<frozen importlib._bootstrap_external>", line 724, in exec_module
  File "<frozen importlib._bootstrap_external>", line 860, in get_code
  File "<frozen importlib._bootstrap_external>", line 791, in source_to_code
  File "<frozen importlib._bootstrap>", line 219, in _call_with_frames_removed
  File "/opt/airflow/dags/1_dag_flujo.py", line 214
    t2 = PythonOperator(
                       ^
IndentationError: unindent does not match any outer indentation level
[2026-09-28T00:23:27.001+0000] {processor.py:811} WARNING - No viable dags retrieved from /opt/airflow/dags/1_dag_flujo.py
[2026-09-28T00:23:27.061+0000] {processor.py:178} INFO - Processing /opt/airflow/dags/1_dag_flujo.py took 0.091 seconds
[2026-09-28T00:23:57.304+0000] {processor.py:156} INFO - Started process (PID=401) to work on /opt/airflow/dags/1_dag_flujo.py
[2026-09-28T00:23:57.307+0000] {processor.py:799} INFO - Processing file /opt/airflow/dags/1_dag_flujo.py for tasks to queue
[2026-09-28T00:23:57.309+0000] {logging_mixin.py:149} INFO - [2026-09-28T00:23:57.308+0000] {dagbag.py:541} INFO - Filling up the DagBag from /opt/airflow/dags/1_dag_flujo.py
[2026-09-28T00:23:57.319+0000] {logging_mixin.py:149} INFO - [2026-09-28T00:23:57.317+0000] {dagbag.py:350} ERROR - Failed to import: /opt/airflow/dags/1_dag_flujo.py
Traceback (most recent call last):
  File "/home/airflow/.local/lib/python3.7/site-packages/airflow/models/dagbag.py", line 346, in parse
    loader.exec_module(new_module)
  File "<frozen importlib._bootstrap_external>", line 724, in exec_module
  File "<frozen importlib._bootstrap_external>", line 860, in get_code
  File "<frozen importlib._bootstrap_external>", line 791, in source_to_code
  File "<frozen importlib._bootstrap>", line 219, in _call_with_frames_removed
  File "/opt/airflow/dags/1_dag_flujo.py", line 214
    t2 = PythonOperator(
                       ^
IndentationError: unindent does not match any outer indentation level
[2026-09-28T00:23:57.319+0000] {processor.py:811} WARNING - No viable dags retrieved from /opt/airflow/dags/1_dag_flujo.py
[2026-09-28T00:23:57.375+0000] {processor.py:178} INFO - Processing /opt/airflow/dags/1_dag_flujo.py took 0.080 seconds
[2026-09-28T00:24:16.558+0000] {processor.py:156} INFO - Started process (PID=409) to work on /opt/airflow/dags/1_dag_flujo.py
[2026-09-28T00:24:16.561+0000] {processor.py:799} INFO - Processing file /opt/airflow/dags/1_dag_flujo.py for tasks to queue
[2026-09-28T00:24:16.563+0000] {logging_mixin.py:149} INFO - [2026-09-28T00:24:16.563+0000] {dagbag.py:541} INFO - Filling up the DagBag from /opt/airflow/dags/1_dag_flujo.py
[2026-09-28T00:24:16.721+0000] {processor.py:809} INFO - DAG(s) dict_keys(['cobertura_pipeline']) retrieved from /opt/airflow/dags/1_dag_flujo.py
[2026-09-28T00:24:16.893+0000] {logging_mixin.py:149} INFO - [2026-09-28T00:24:16.893+0000] {dag.py:2726} INFO - Sync 1 DAGs
[2026-09-28T00:24:16.963+0000] {logging_mixin.py:149} INFO - [2026-09-28T00:24:16.963+0000] {dag.py:3490} INFO - Setting next_dagrun for cobertura_pipeline to 2026-09-28T00:18:16.962804+00:00, run_after=2026-09-28T00:24:16.962804+00:00
[2026-09-28T00:24:17.032+0000] {processor.py:178} INFO - Processing /opt/airflow/dags/1_dag_flujo.py took 0.484 seconds
[2026-09-28T00:24:47.341+0000] {processor.py:156} INFO - Started process (PID=417) to work on /opt/airflow/dags/1_dag_flujo.py
[2026-09-28T00:24:47.350+0000] {processor.py:799} INFO - Processing file /opt/airflow/dags/1_dag_flujo.py for tasks to queue
[2026-09-28T00:24:47.352+0000] {logging_mixin.py:149} INFO - [2026-09-28T00:24:47.352+0000] {dagbag.py:541} INFO - Filling up the DagBag from /opt/airflow/dags/1_dag_flujo.py
[2026-09-28T00:24:47.486+0000] {processor.py:809} INFO - DAG(s) dict_keys(['cobertura_pipeline']) retrieved from /opt/airflow/dags/1_dag_flujo.py
[2026-09-28T00:24:47.557+0000] {logging_mixin.py:149} INFO - [2026-09-28T00:24:47.557+0000] {dag.py:2726} INFO - Sync 1 DAGs
[2026-09-28T00:24:47.630+0000] {logging_mixin.py:149} INFO - [2026-09-28T00:24:47.629+0000] {dag.py:3490} INFO - Setting next_dagrun for cobertura_pipeline to 2026-09-28T00:18:47.628814+00:00, run_after=2026-09-28T00:24:47.628814+00:00
[2026-09-28T00:24:47.684+0000] {processor.py:178} INFO - Processing /opt/airflow/dags/1_dag_flujo.py took 0.351 seconds
[2026-09-28T00:25:17.991+0000] {processor.py:156} INFO - Started process (PID=426) to work on /opt/airflow/dags/1_dag_flujo.py
[2026-09-28T00:25:17.995+0000] {processor.py:799} INFO - Processing file /opt/airflow/dags/1_dag_flujo.py for tasks to queue
[2026-09-28T00:25:17.997+0000] {logging_mixin.py:149} INFO - [2026-09-28T00:25:17.996+0000] {dagbag.py:541} INFO - Filling up the DagBag from /opt/airflow/dags/1_dag_flujo.py
[2026-09-28T00:25:18.159+0000] {processor.py:809} INFO - DAG(s) dict_keys(['cobertura_pipeline']) retrieved from /opt/airflow/dags/1_dag_flujo.py
[2026-09-28T00:25:18.208+0000] {logging_mixin.py:149} INFO - [2026-09-28T00:25:18.208+0000] {dag.py:2726} INFO - Sync 1 DAGs
[2026-09-28T00:25:18.280+0000] {logging_mixin.py:149} INFO - [2026-09-28T00:25:18.280+0000] {dag.py:3490} INFO - Setting next_dagrun for cobertura_pipeline to 2026-09-28T00:19:18.279788+00:00, run_after=2026-09-28T00:25:18.279788+00:00
[2026-09-28T00:25:18.333+0000] {processor.py:178} INFO - Processing /opt/airflow/dags/1_dag_flujo.py took 0.353 seconds
[2026-09-28T00:25:48.634+0000] {processor.py:156} INFO - Started process (PID=433) to work on /opt/airflow/dags/1_dag_flujo.py
[2026-09-28T00:25:48.637+0000] {processor.py:799} INFO - Processing file /opt/airflow/dags/1_dag_flujo.py for tasks to queue
[2026-09-28T00:25:48.639+0000] {logging_mixin.py:149} INFO - [2026-09-28T00:25:48.638+0000] {dagbag.py:541} INFO - Filling up the DagBag from /opt/airflow/dags/1_dag_flujo.py
[2026-09-28T00:25:48.772+0000] {processor.py:809} INFO - DAG(s) dict_keys(['cobertura_pipeline']) retrieved from /opt/airflow/dags/1_dag_flujo.py
[2026-09-28T00:25:48.835+0000] {logging_mixin.py:149} INFO - [2026-09-28T00:25:48.835+0000] {dag.py:2726} INFO - Sync 1 DAGs
[2026-09-28T00:25:48.888+0000] {logging_mixin.py:149} INFO - [2026-09-28T00:25:48.888+0000] {dag.py:3490} INFO - Setting next_dagrun for cobertura_pipeline to 2026-09-28T00:19:48.887767+00:00, run_after=2026-09-28T00:25:48.887767+00:00
[2026-09-28T00:25:48.936+0000] {processor.py:178} INFO - Processing /opt/airflow/dags/1_dag_flujo.py took 0.313 seconds
[2026-09-28T00:26:19.219+0000] {processor.py:156} INFO - Started process (PID=441) to work on /opt/airflow/dags/1_dag_flujo.py
[2026-09-28T00:26:19.224+0000] {processor.py:799} INFO - Processing file /opt/airflow/dags/1_dag_flujo.py for tasks to queue
[2026-09-28T00:26:19.226+0000] {logging_mixin.py:149} INFO - [2026-09-28T00:26:19.226+0000] {dagbag.py:541} INFO - Filling up the DagBag from /opt/airflow/dags/1_dag_flujo.py
[2026-09-28T00:26:19.377+0000] {processor.py:809} INFO - DAG(s) dict_keys(['cobertura_pipeline']) retrieved from /opt/airflow/dags/1_dag_flujo.py
[2026-09-28T00:26:19.456+0000] {logging_mixin.py:149} INFO - [2026-09-28T00:26:19.456+0000] {dag.py:2726} INFO - Sync 1 DAGs
[2026-09-28T00:26:19.542+0000] {logging_mixin.py:149} INFO - [2026-09-28T00:26:19.542+0000] {dag.py:3490} INFO - Setting next_dagrun for cobertura_pipeline to 2026-09-28T00:20:19.541640+00:00, run_after=2026-09-28T00:26:19.541640+00:00
[2026-09-28T00:26:19.605+0000] {processor.py:178} INFO - Processing /opt/airflow/dags/1_dag_flujo.py took 0.396 seconds
[2026-09-28T00:26:49.940+0000] {processor.py:156} INFO - Started process (PID=449) to work on /opt/airflow/dags/1_dag_flujo.py
[2026-09-28T00:26:49.945+0000] {processor.py:799} INFO - Processing file /opt/airflow/dags/1_dag_flujo.py for tasks to queue
[2026-09-28T00:26:49.946+0000] {logging_mixin.py:149} INFO - [2026-09-28T00:26:49.946+0000] {dagbag.py:541} INFO - Filling up the DagBag from /opt/airflow/dags/1_dag_flujo.py
[2026-09-28T00:26:50.099+0000] {processor.py:809} INFO - DAG(s) dict_keys(['cobertura_pipeline']) retrieved from /opt/airflow/dags/1_dag_flujo.py
[2026-09-28T00:26:50.178+0000] {logging_mixin.py:149} INFO - [2026-09-28T00:26:50.178+0000] {dag.py:2726} INFO - Sync 1 DAGs
[2026-09-28T00:26:50.253+0000] {logging_mixin.py:149} INFO - [2026-09-28T00:26:50.252+0000] {dag.py:3490} INFO - Setting next_dagrun for cobertura_pipeline to 2026-09-28T00:20:50.251642+00:00, run_after=2026-09-28T00:26:50.251642+00:00
[2026-09-28T00:26:50.302+0000] {processor.py:178} INFO - Processing /opt/airflow/dags/1_dag_flujo.py took 0.372 seconds
[2026-09-28T00:28:03.395+0000] {processor.py:156} INFO - Started process (PID=75) to work on /opt/airflow/dags/1_dag_flujo.py
[2026-09-28T00:28:03.399+0000] {processor.py:799} INFO - Processing file /opt/airflow/dags/1_dag_flujo.py for tasks to queue
[2026-09-28T00:28:03.400+0000] {logging_mixin.py:149} INFO - [2026-09-28T00:28:03.400+0000] {dagbag.py:541} INFO - Filling up the DagBag from /opt/airflow/dags/1_dag_flujo.py
[2026-09-28T00:28:04.099+0000] {processor.py:809} INFO - DAG(s) dict_keys(['cobertura_pipeline']) retrieved from /opt/airflow/dags/1_dag_flujo.py
[2026-09-28T00:28:04.376+0000] {logging_mixin.py:149} INFO - [2026-09-28T00:28:04.375+0000] {dag.py:2726} INFO - Sync 1 DAGs
[2026-09-28T00:28:04.416+0000] {logging_mixin.py:149} INFO - [2026-09-28T00:28:04.415+0000] {dag.py:3490} INFO - Setting next_dagrun for cobertura_pipeline to 2026-09-28T00:22:04.415623+00:00, run_after=2026-09-28T00:28:04.415623+00:00
[2026-09-28T00:28:04.462+0000] {processor.py:178} INFO - Processing /opt/airflow/dags/1_dag_flujo.py took 1.075 seconds
[2026-09-28T00:29:22.340+0000] {processor.py:156} INFO - Started process (PID=57) to work on /opt/airflow/dags/1_dag_flujo.py
[2026-09-28T00:29:22.344+0000] {processor.py:799} INFO - Processing file /opt/airflow/dags/1_dag_flujo.py for tasks to queue
[2026-09-28T00:29:22.345+0000] {logging_mixin.py:149} INFO - [2026-09-28T00:29:22.344+0000] {dagbag.py:541} INFO - Filling up the DagBag from /opt/airflow/dags/1_dag_flujo.py
[2026-09-28T00:29:22.449+0000] {processor.py:809} INFO - DAG(s) dict_keys(['cobertura_pipeline']) retrieved from /opt/airflow/dags/1_dag_flujo.py
[2026-09-28T00:29:22.652+0000] {logging_mixin.py:149} INFO - [2026-09-28T00:29:22.652+0000] {dag.py:2726} INFO - Sync 1 DAGs
[2026-09-28T00:29:22.712+0000] {logging_mixin.py:149} INFO - [2026-09-28T00:29:22.709+0000] {dag.py:3490} INFO - Setting next_dagrun for cobertura_pipeline to 2026-09-28T00:23:22.709581+00:00, run_after=2026-09-28T00:29:22.709581+00:00
[2026-09-28T00:29:22.757+0000] {processor.py:178} INFO - Processing /opt/airflow/dags/1_dag_flujo.py took 0.421 seconds
[2026-09-28T00:29:53.034+0000] {processor.py:156} INFO - Started process (PID=65) to work on /opt/airflow/dags/1_dag_flujo.py
[2026-09-28T00:29:53.039+0000] {processor.py:799} INFO - Processing file /opt/airflow/dags/1_dag_flujo.py for tasks to queue
[2026-09-28T00:29:53.041+0000] {logging_mixin.py:149} INFO - [2026-09-28T00:29:53.040+0000] {dagbag.py:541} INFO - Filling up the DagBag from /opt/airflow/dags/1_dag_flujo.py
[2026-09-28T00:29:53.175+0000] {processor.py:809} INFO - DAG(s) dict_keys(['cobertura_pipeline']) retrieved from /opt/airflow/dags/1_dag_flujo.py
[2026-09-28T00:29:53.258+0000] {logging_mixin.py:149} INFO - [2026-09-28T00:29:53.257+0000] {dag.py:2726} INFO - Sync 1 DAGs
[2026-09-28T00:29:53.327+0000] {logging_mixin.py:149} INFO - [2026-09-28T00:29:53.327+0000] {dag.py:3490} INFO - Setting next_dagrun for cobertura_pipeline to 2026-09-28T00:23:53.326252+00:00, run_after=2026-09-28T00:29:53.326252+00:00
[2026-09-28T00:29:53.398+0000] {processor.py:178} INFO - Processing /opt/airflow/dags/1_dag_flujo.py took 0.375 seconds
[2026-09-28T00:30:23.673+0000] {processor.py:156} INFO - Started process (PID=73) to work on /opt/airflow/dags/1_dag_flujo.py
[2026-09-28T00:30:23.677+0000] {processor.py:799} INFO - Processing file /opt/airflow/dags/1_dag_flujo.py for tasks to queue
[2026-09-28T00:30:23.679+0000] {logging_mixin.py:149} INFO - [2026-09-28T00:30:23.679+0000] {dagbag.py:541} INFO - Filling up the DagBag from /opt/airflow/dags/1_dag_flujo.py
[2026-09-28T00:30:23.806+0000] {processor.py:809} INFO - DAG(s) dict_keys(['cobertura_pipeline']) retrieved from /opt/airflow/dags/1_dag_flujo.py
[2026-09-28T00:30:23.895+0000] {logging_mixin.py:149} INFO - [2026-09-28T00:30:23.894+0000] {dag.py:2726} INFO - Sync 1 DAGs
[2026-09-28T00:30:23.985+0000] {logging_mixin.py:149} INFO - [2026-09-28T00:30:23.984+0000] {dag.py:3490} INFO - Setting next_dagrun for cobertura_pipeline to 2026-09-28T00:29:53.326252+00:00, run_after=2026-09-28T00:35:53.326252+00:00
[2026-09-28T00:30:24.032+0000] {processor.py:178} INFO - Processing /opt/airflow/dags/1_dag_flujo.py took 0.370 seconds
[2026-09-28T00:30:54.309+0000] {processor.py:156} INFO - Started process (PID=89) to work on /opt/airflow/dags/1_dag_flujo.py
[2026-09-28T00:30:54.317+0000] {processor.py:799} INFO - Processing file /opt/airflow/dags/1_dag_flujo.py for tasks to queue
[2026-09-28T00:30:54.319+0000] {logging_mixin.py:149} INFO - [2026-09-28T00:30:54.319+0000] {dagbag.py:541} INFO - Filling up the DagBag from /opt/airflow/dags/1_dag_flujo.py
[2026-09-28T00:30:54.472+0000] {processor.py:809} INFO - DAG(s) dict_keys(['cobertura_pipeline']) retrieved from /opt/airflow/dags/1_dag_flujo.py
[2026-09-28T00:30:54.554+0000] {logging_mixin.py:149} INFO - [2026-09-28T00:30:54.554+0000] {dag.py:2726} INFO - Sync 1 DAGs
[2026-09-28T00:30:54.620+0000] {logging_mixin.py:149} INFO - [2026-09-28T00:30:54.619+0000] {dag.py:3490} INFO - Setting next_dagrun for cobertura_pipeline to 2026-09-28T00:29:53.326252+00:00, run_after=2026-09-28T00:35:53.326252+00:00
[2026-09-28T00:30:54.689+0000] {processor.py:178} INFO - Processing /opt/airflow/dags/1_dag_flujo.py took 0.389 seconds
[2026-09-28T00:31:24.981+0000] {processor.py:156} INFO - Started process (PID=97) to work on /opt/airflow/dags/1_dag_flujo.py
[2026-09-28T00:31:24.986+0000] {processor.py:799} INFO - Processing file /opt/airflow/dags/1_dag_flujo.py for tasks to queue
[2026-09-28T00:31:24.987+0000] {logging_mixin.py:149} INFO - [2026-09-28T00:31:24.987+0000] {dagbag.py:541} INFO - Filling up the DagBag from /opt/airflow/dags/1_dag_flujo.py
[2026-09-28T00:31:25.151+0000] {processor.py:809} INFO - DAG(s) dict_keys(['cobertura_pipeline']) retrieved from /opt/airflow/dags/1_dag_flujo.py
[2026-09-28T00:31:25.254+0000] {logging_mixin.py:149} INFO - [2026-09-28T00:31:25.253+0000] {dag.py:2726} INFO - Sync 1 DAGs
[2026-09-28T00:31:25.314+0000] {logging_mixin.py:149} INFO - [2026-09-28T00:31:25.313+0000] {dag.py:3490} INFO - Setting next_dagrun for cobertura_pipeline to 2026-09-28T00:29:53.326252+00:00, run_after=2026-09-28T00:35:53.326252+00:00
[2026-09-28T00:31:25.360+0000] {processor.py:178} INFO - Processing /opt/airflow/dags/1_dag_flujo.py took 0.390 seconds
[2026-09-28T00:31:55.659+0000] {processor.py:156} INFO - Started process (PID=105) to work on /opt/airflow/dags/1_dag_flujo.py
[2026-09-28T00:31:55.662+0000] {processor.py:799} INFO - Processing file /opt/airflow/dags/1_dag_flujo.py for tasks to queue
[2026-09-28T00:31:55.664+0000] {logging_mixin.py:149} INFO - [2026-09-28T00:31:55.664+0000] {dagbag.py:541} INFO - Filling up the DagBag from /opt/airflow/dags/1_dag_flujo.py
[2026-09-28T00:31:55.872+0000] {processor.py:809} INFO - DAG(s) dict_keys(['cobertura_pipeline']) retrieved from /opt/airflow/dags/1_dag_flujo.py
[2026-09-28T00:31:55.921+0000] {logging_mixin.py:149} INFO - [2026-09-28T00:31:55.921+0000] {dag.py:2726} INFO - Sync 1 DAGs
[2026-09-28T00:31:55.967+0000] {logging_mixin.py:149} INFO - [2026-09-28T00:31:55.967+0000] {dag.py:3490} INFO - Setting next_dagrun for cobertura_pipeline to 2026-09-28T00:29:53.326252+00:00, run_after=2026-09-28T00:35:53.326252+00:00
[2026-09-28T00:31:56.024+0000] {processor.py:178} INFO - Processing /opt/airflow/dags/1_dag_flujo.py took 0.377 seconds
[2026-09-28T00:32:26.293+0000] {processor.py:156} INFO - Started process (PID=113) to work on /opt/airflow/dags/1_dag_flujo.py
[2026-09-28T00:32:26.296+0000] {processor.py:799} INFO - Processing file /opt/airflow/dags/1_dag_flujo.py for tasks to queue
[2026-09-28T00:32:26.298+0000] {logging_mixin.py:149} INFO - [2026-09-28T00:32:26.297+0000] {dagbag.py:541} INFO - Filling up the DagBag from /opt/airflow/dags/1_dag_flujo.py
[2026-09-28T00:32:26.459+0000] {processor.py:809} INFO - DAG(s) dict_keys(['cobertura_pipeline']) retrieved from /opt/airflow/dags/1_dag_flujo.py
[2026-09-28T00:32:26.550+0000] {logging_mixin.py:149} INFO - [2026-09-28T00:32:26.549+0000] {dag.py:2726} INFO - Sync 1 DAGs
[2026-09-28T00:32:26.619+0000] {logging_mixin.py:149} INFO - [2026-09-28T00:32:26.618+0000] {dag.py:3490} INFO - Setting next_dagrun for cobertura_pipeline to 2026-09-28T00:29:53.326252+00:00, run_after=2026-09-28T00:35:53.326252+00:00
[2026-09-28T00:32:26.694+0000] {processor.py:178} INFO - Processing /opt/airflow/dags/1_dag_flujo.py took 0.414 seconds
[2026-09-28T00:32:56.993+0000] {processor.py:156} INFO - Started process (PID=122) to work on /opt/airflow/dags/1_dag_flujo.py
[2026-09-28T00:32:56.997+0000] {processor.py:799} INFO - Processing file /opt/airflow/dags/1_dag_flujo.py for tasks to queue
[2026-09-28T00:32:56.999+0000] {logging_mixin.py:149} INFO - [2026-09-28T00:32:56.998+0000] {dagbag.py:541} INFO - Filling up the DagBag from /opt/airflow/dags/1_dag_flujo.py
[2026-09-28T00:32:57.125+0000] {processor.py:809} INFO - DAG(s) dict_keys(['cobertura_pipeline']) retrieved from /opt/airflow/dags/1_dag_flujo.py
[2026-09-28T00:32:57.209+0000] {logging_mixin.py:149} INFO - [2026-09-28T00:32:57.209+0000] {dag.py:2726} INFO - Sync 1 DAGs
[2026-09-28T00:32:57.274+0000] {logging_mixin.py:149} INFO - [2026-09-28T00:32:57.274+0000] {dag.py:3490} INFO - Setting next_dagrun for cobertura_pipeline to 2026-09-28T00:29:53.326252+00:00, run_after=2026-09-28T00:35:53.326252+00:00
[2026-09-28T00:32:57.333+0000] {processor.py:178} INFO - Processing /opt/airflow/dags/1_dag_flujo.py took 0.351 seconds
[2026-09-28T00:33:27.609+0000] {processor.py:156} INFO - Started process (PID=129) to work on /opt/airflow/dags/1_dag_flujo.py
[2026-09-28T00:33:27.614+0000] {processor.py:799} INFO - Processing file /opt/airflow/dags/1_dag_flujo.py for tasks to queue
[2026-09-28T00:33:27.616+0000] {logging_mixin.py:149} INFO - [2026-09-28T00:33:27.616+0000] {dagbag.py:541} INFO - Filling up the DagBag from /opt/airflow/dags/1_dag_flujo.py
[2026-09-28T00:33:27.788+0000] {processor.py:809} INFO - DAG(s) dict_keys(['cobertura_pipeline']) retrieved from /opt/airflow/dags/1_dag_flujo.py
[2026-09-28T00:33:27.852+0000] {logging_mixin.py:149} INFO - [2026-09-28T00:33:27.852+0000] {dag.py:2726} INFO - Sync 1 DAGs
[2026-09-28T00:33:27.917+0000] {logging_mixin.py:149} INFO - [2026-09-28T00:33:27.916+0000] {dag.py:3490} INFO - Setting next_dagrun for cobertura_pipeline to 2026-09-28T00:29:53.326252+00:00, run_after=2026-09-28T00:35:53.326252+00:00
[2026-09-28T00:33:27.978+0000] {processor.py:178} INFO - Processing /opt/airflow/dags/1_dag_flujo.py took 0.379 seconds
[2026-09-28T00:33:58.230+0000] {processor.py:156} INFO - Started process (PID=136) to work on /opt/airflow/dags/1_dag_flujo.py
[2026-09-28T00:33:58.233+0000] {processor.py:799} INFO - Processing file /opt/airflow/dags/1_dag_flujo.py for tasks to queue
[2026-09-28T00:33:58.234+0000] {logging_mixin.py:149} INFO - [2026-09-28T00:33:58.234+0000] {dagbag.py:541} INFO - Filling up the DagBag from /opt/airflow/dags/1_dag_flujo.py
[2026-09-28T00:33:58.442+0000] {processor.py:809} INFO - DAG(s) dict_keys(['cobertura_pipeline']) retrieved from /opt/airflow/dags/1_dag_flujo.py
[2026-09-28T00:33:58.536+0000] {logging_mixin.py:149} INFO - [2026-09-28T00:33:58.535+0000] {dag.py:2726} INFO - Sync 1 DAGs
[2026-09-28T00:33:58.605+0000] {logging_mixin.py:149} INFO - [2026-09-28T00:33:58.604+0000] {dag.py:3490} INFO - Setting next_dagrun for cobertura_pipeline to 2026-09-28T00:29:53.326252+00:00, run_after=2026-09-28T00:35:53.326252+00:00
[2026-09-28T00:33:58.656+0000] {processor.py:178} INFO - Processing /opt/airflow/dags/1_dag_flujo.py took 0.433 seconds
[2026-09-28T00:34:28.943+0000] {processor.py:156} INFO - Started process (PID=144) to work on /opt/airflow/dags/1_dag_flujo.py
[2026-09-28T00:34:28.961+0000] {processor.py:799} INFO - Processing file /opt/airflow/dags/1_dag_flujo.py for tasks to queue
[2026-09-28T00:34:28.964+0000] {logging_mixin.py:149} INFO - [2026-09-28T00:34:28.963+0000] {dagbag.py:541} INFO - Filling up the DagBag from /opt/airflow/dags/1_dag_flujo.py
[2026-09-28T00:34:29.132+0000] {processor.py:809} INFO - DAG(s) dict_keys(['cobertura_pipeline']) retrieved from /opt/airflow/dags/1_dag_flujo.py
[2026-09-28T00:34:29.206+0000] {logging_mixin.py:149} INFO - [2026-09-28T00:34:29.206+0000] {dag.py:2726} INFO - Sync 1 DAGs
[2026-09-28T00:34:29.299+0000] {logging_mixin.py:149} INFO - [2026-09-28T00:34:29.298+0000] {dag.py:3490} INFO - Setting next_dagrun for cobertura_pipeline to 2026-09-28T00:29:53.326252+00:00, run_after=2026-09-28T00:35:53.326252+00:00
[2026-09-28T00:34:29.344+0000] {processor.py:178} INFO - Processing /opt/airflow/dags/1_dag_flujo.py took 0.409 seconds
[2026-09-28T00:34:59.618+0000] {processor.py:156} INFO - Started process (PID=152) to work on /opt/airflow/dags/1_dag_flujo.py
[2026-09-28T00:34:59.620+0000] {processor.py:799} INFO - Processing file /opt/airflow/dags/1_dag_flujo.py for tasks to queue
[2026-09-28T00:34:59.622+0000] {logging_mixin.py:149} INFO - [2026-09-28T00:34:59.622+0000] {dagbag.py:541} INFO - Filling up the DagBag from /opt/airflow/dags/1_dag_flujo.py
[2026-09-28T00:34:59.742+0000] {processor.py:809} INFO - DAG(s) dict_keys(['cobertura_pipeline']) retrieved from /opt/airflow/dags/1_dag_flujo.py
[2026-09-28T00:34:59.812+0000] {logging_mixin.py:149} INFO - [2026-09-28T00:34:59.812+0000] {dag.py:2726} INFO - Sync 1 DAGs
[2026-09-28T00:34:59.879+0000] {logging_mixin.py:149} INFO - [2026-09-28T00:34:59.878+0000] {dag.py:3490} INFO - Setting next_dagrun for cobertura_pipeline to 2026-09-28T00:29:53.326252+00:00, run_after=2026-09-28T00:35:53.326252+00:00
[2026-09-28T00:34:59.926+0000] {processor.py:178} INFO - Processing /opt/airflow/dags/1_dag_flujo.py took 0.318 seconds
[2026-09-28T00:35:30.211+0000] {processor.py:156} INFO - Started process (PID=160) to work on /opt/airflow/dags/1_dag_flujo.py
[2026-09-28T00:35:30.214+0000] {processor.py:799} INFO - Processing file /opt/airflow/dags/1_dag_flujo.py for tasks to queue
[2026-09-28T00:35:30.216+0000] {logging_mixin.py:149} INFO - [2026-09-28T00:35:30.216+0000] {dagbag.py:541} INFO - Filling up the DagBag from /opt/airflow/dags/1_dag_flujo.py
[2026-09-28T00:35:30.382+0000] {processor.py:809} INFO - DAG(s) dict_keys(['cobertura_pipeline']) retrieved from /opt/airflow/dags/1_dag_flujo.py
[2026-09-28T00:35:30.462+0000] {logging_mixin.py:149} INFO - [2026-09-28T00:35:30.461+0000] {dag.py:2726} INFO - Sync 1 DAGs
[2026-09-28T00:35:30.520+0000] {logging_mixin.py:149} INFO - [2026-09-28T00:35:30.520+0000] {dag.py:3490} INFO - Setting next_dagrun for cobertura_pipeline to 2026-09-28T00:29:53.326252+00:00, run_after=2026-09-28T00:35:53.326252+00:00
[2026-09-28T00:35:30.577+0000] {processor.py:178} INFO - Processing /opt/airflow/dags/1_dag_flujo.py took 0.377 seconds
[2026-09-28T00:36:00.896+0000] {processor.py:156} INFO - Started process (PID=168) to work on /opt/airflow/dags/1_dag_flujo.py
[2026-09-28T00:36:00.900+0000] {processor.py:799} INFO - Processing file /opt/airflow/dags/1_dag_flujo.py for tasks to queue
[2026-09-28T00:36:00.902+0000] {logging_mixin.py:149} INFO - [2026-09-28T00:36:00.902+0000] {dagbag.py:541} INFO - Filling up the DagBag from /opt/airflow/dags/1_dag_flujo.py
[2026-09-28T00:36:01.041+0000] {processor.py:809} INFO - DAG(s) dict_keys(['cobertura_pipeline']) retrieved from /opt/airflow/dags/1_dag_flujo.py
[2026-09-28T00:36:01.118+0000] {logging_mixin.py:149} INFO - [2026-09-28T00:36:01.118+0000] {dag.py:2726} INFO - Sync 1 DAGs
[2026-09-28T00:36:01.189+0000] {logging_mixin.py:149} INFO - [2026-09-28T00:36:01.188+0000] {dag.py:3490} INFO - Setting next_dagrun for cobertura_pipeline to 2026-09-28T00:35:53.326252+00:00, run_after=2026-09-28T00:41:53.326252+00:00
[2026-09-28T00:36:01.251+0000] {processor.py:178} INFO - Processing /opt/airflow/dags/1_dag_flujo.py took 0.361 seconds
[2026-09-28T00:36:31.568+0000] {processor.py:156} INFO - Started process (PID=176) to work on /opt/airflow/dags/1_dag_flujo.py
[2026-09-28T00:36:31.571+0000] {processor.py:799} INFO - Processing file /opt/airflow/dags/1_dag_flujo.py for tasks to queue
[2026-09-28T00:36:31.573+0000] {logging_mixin.py:149} INFO - [2026-09-28T00:36:31.573+0000] {dagbag.py:541} INFO - Filling up the DagBag from /opt/airflow/dags/1_dag_flujo.py
[2026-09-28T00:36:32.292+0000] {processor.py:809} INFO - DAG(s) dict_keys(['cobertura_pipeline']) retrieved from /opt/airflow/dags/1_dag_flujo.py
[2026-09-28T00:36:32.404+0000] {logging_mixin.py:149} INFO - [2026-09-28T00:36:32.403+0000] {dag.py:2726} INFO - Sync 1 DAGs
[2026-09-28T00:36:32.450+0000] {logging_mixin.py:149} INFO - [2026-09-28T00:36:32.450+0000] {dag.py:3490} INFO - Setting next_dagrun for cobertura_pipeline to 2026-09-28T00:35:53.326252+00:00, run_after=2026-09-28T00:41:53.326252+00:00
[2026-09-28T00:36:32.501+0000] {processor.py:178} INFO - Processing /opt/airflow/dags/1_dag_flujo.py took 0.946 seconds
[2026-09-28T00:37:02.809+0000] {processor.py:156} INFO - Started process (PID=184) to work on /opt/airflow/dags/1_dag_flujo.py
[2026-09-28T00:37:02.811+0000] {processor.py:799} INFO - Processing file /opt/airflow/dags/1_dag_flujo.py for tasks to queue
[2026-09-28T00:37:02.813+0000] {logging_mixin.py:149} INFO - [2026-09-28T00:37:02.813+0000] {dagbag.py:541} INFO - Filling up the DagBag from /opt/airflow/dags/1_dag_flujo.py
[2026-09-28T00:37:02.904+0000] {processor.py:809} INFO - DAG(s) dict_keys(['cobertura_pipeline']) retrieved from /opt/airflow/dags/1_dag_flujo.py
[2026-09-28T00:37:02.967+0000] {logging_mixin.py:149} INFO - [2026-09-28T00:37:02.967+0000] {dag.py:2726} INFO - Sync 1 DAGs
[2026-09-28T00:37:03.030+0000] {logging_mixin.py:149} INFO - [2026-09-28T00:37:03.029+0000] {dag.py:3490} INFO - Setting next_dagrun for cobertura_pipeline to 2026-09-28T00:35:53.326252+00:00, run_after=2026-09-28T00:41:53.326252+00:00
[2026-09-28T00:37:03.092+0000] {processor.py:178} INFO - Processing /opt/airflow/dags/1_dag_flujo.py took 0.289 seconds
[2026-09-28T00:37:33.401+0000] {processor.py:156} INFO - Started process (PID=192) to work on /opt/airflow/dags/1_dag_flujo.py
[2026-09-28T00:37:33.405+0000] {processor.py:799} INFO - Processing file /opt/airflow/dags/1_dag_flujo.py for tasks to queue
[2026-09-28T00:37:33.406+0000] {logging_mixin.py:149} INFO - [2026-09-28T00:37:33.406+0000] {dagbag.py:541} INFO - Filling up the DagBag from /opt/airflow/dags/1_dag_flujo.py
[2026-09-28T00:37:33.522+0000] {processor.py:809} INFO - DAG(s) dict_keys(['cobertura_pipeline']) retrieved from /opt/airflow/dags/1_dag_flujo.py
[2026-09-28T00:37:33.591+0000] {logging_mixin.py:149} INFO - [2026-09-28T00:37:33.590+0000] {dag.py:2726} INFO - Sync 1 DAGs
[2026-09-28T00:37:33.655+0000] {logging_mixin.py:149} INFO - [2026-09-28T00:37:33.654+0000] {dag.py:3490} INFO - Setting next_dagrun for cobertura_pipeline to 2026-09-28T00:35:53.326252+00:00, run_after=2026-09-28T00:41:53.326252+00:00
[2026-09-28T00:37:33.711+0000] {processor.py:178} INFO - Processing /opt/airflow/dags/1_dag_flujo.py took 0.318 seconds
[2026-09-28T00:38:04.027+0000] {processor.py:156} INFO - Started process (PID=199) to work on /opt/airflow/dags/1_dag_flujo.py
[2026-09-28T00:38:04.034+0000] {processor.py:799} INFO - Processing file /opt/airflow/dags/1_dag_flujo.py for tasks to queue
[2026-09-28T00:38:04.036+0000] {logging_mixin.py:149} INFO - [2026-09-28T00:38:04.036+0000] {dagbag.py:541} INFO - Filling up the DagBag from /opt/airflow/dags/1_dag_flujo.py
[2026-09-28T00:38:04.203+0000] {processor.py:809} INFO - DAG(s) dict_keys(['cobertura_pipeline']) retrieved from /opt/airflow/dags/1_dag_flujo.py
[2026-09-28T00:38:04.285+0000] {logging_mixin.py:149} INFO - [2026-09-28T00:38:04.285+0000] {dag.py:2726} INFO - Sync 1 DAGs
[2026-09-28T00:38:04.356+0000] {logging_mixin.py:149} INFO - [2026-09-28T00:38:04.356+0000] {dag.py:3490} INFO - Setting next_dagrun for cobertura_pipeline to 2026-09-28T00:35:53.326252+00:00, run_after=2026-09-28T00:41:53.326252+00:00
[2026-09-28T00:38:04.418+0000] {processor.py:178} INFO - Processing /opt/airflow/dags/1_dag_flujo.py took 0.401 seconds
[2026-09-28T00:38:34.718+0000] {processor.py:156} INFO - Started process (PID=207) to work on /opt/airflow/dags/1_dag_flujo.py
[2026-09-28T00:38:34.722+0000] {processor.py:799} INFO - Processing file /opt/airflow/dags/1_dag_flujo.py for tasks to queue
[2026-09-28T00:38:34.724+0000] {logging_mixin.py:149} INFO - [2026-09-28T00:38:34.724+0000] {dagbag.py:541} INFO - Filling up the DagBag from /opt/airflow/dags/1_dag_flujo.py
[2026-09-28T00:38:34.882+0000] {processor.py:809} INFO - DAG(s) dict_keys(['cobertura_pipeline']) retrieved from /opt/airflow/dags/1_dag_flujo.py
[2026-09-28T00:38:34.973+0000] {logging_mixin.py:149} INFO - [2026-09-28T00:38:34.972+0000] {dag.py:2726} INFO - Sync 1 DAGs
[2026-09-28T00:38:35.043+0000] {logging_mixin.py:149} INFO - [2026-09-28T00:38:35.043+0000] {dag.py:3490} INFO - Setting next_dagrun for cobertura_pipeline to 2026-09-28T00:35:53.326252+00:00, run_after=2026-09-28T00:41:53.326252+00:00
[2026-09-28T00:38:35.098+0000] {processor.py:178} INFO - Processing /opt/airflow/dags/1_dag_flujo.py took 0.393 seconds
[2026-09-28T00:38:58.944+0000] {processor.py:156} INFO - Started process (PID=215) to work on /opt/airflow/dags/1_dag_flujo.py
[2026-09-28T00:38:58.948+0000] {processor.py:799} INFO - Processing file /opt/airflow/dags/1_dag_flujo.py for tasks to queue
[2026-09-28T00:38:58.950+0000] {logging_mixin.py:149} INFO - [2026-09-28T00:38:58.950+0000] {dagbag.py:541} INFO - Filling up the DagBag from /opt/airflow/dags/1_dag_flujo.py
[2026-09-28T00:38:59.108+0000] {processor.py:809} INFO - DAG(s) dict_keys(['cobertura_reentrenamiento']) retrieved from /opt/airflow/dags/1_dag_flujo.py
[2026-09-28T00:38:59.871+0000] {logging_mixin.py:149} INFO - [2026-09-28T00:38:59.871+0000] {manager.py:504} INFO - Created Permission View: can edit on DAG:cobertura_reentrenamiento
[2026-09-28T00:38:59.897+0000] {logging_mixin.py:149} INFO - [2026-09-28T00:38:59.897+0000] {manager.py:504} INFO - Created Permission View: can read on DAG:cobertura_reentrenamiento
[2026-09-28T00:38:59.926+0000] {logging_mixin.py:149} INFO - [2026-09-28T00:38:59.926+0000] {manager.py:504} INFO - Created Permission View: can delete on DAG:cobertura_reentrenamiento
[2026-09-28T00:38:59.927+0000] {logging_mixin.py:149} INFO - [2026-09-28T00:38:59.927+0000] {dag.py:2726} INFO - Sync 1 DAGs
[2026-09-28T00:38:59.955+0000] {logging_mixin.py:149} INFO - [2026-09-28T00:38:59.955+0000] {dag.py:2747} INFO - Creating ORM DAG for cobertura_reentrenamiento
[2026-09-28T00:38:59.975+0000] {logging_mixin.py:149} INFO - [2026-09-28T00:38:59.975+0000] {dag.py:3490} INFO - Setting next_dagrun for cobertura_reentrenamiento to None, run_after=None
[2026-09-28T00:39:00.069+0000] {processor.py:178} INFO - Processing /opt/airflow/dags/1_dag_flujo.py took 1.138 seconds
[2026-09-28T00:39:30.233+0000] {processor.py:156} INFO - Started process (PID=224) to work on /opt/airflow/dags/1_dag_flujo.py
[2026-09-28T00:39:30.238+0000] {processor.py:799} INFO - Processing file /opt/airflow/dags/1_dag_flujo.py for tasks to queue
[2026-09-28T00:39:30.241+0000] {logging_mixin.py:149} INFO - [2026-09-28T00:39:30.240+0000] {dagbag.py:541} INFO - Filling up the DagBag from /opt/airflow/dags/1_dag_flujo.py
[2026-09-28T00:39:30.371+0000] {processor.py:809} INFO - DAG(s) dict_keys(['cobertura_reentrenamiento']) retrieved from /opt/airflow/dags/1_dag_flujo.py
[2026-09-28T00:39:30.428+0000] {logging_mixin.py:149} INFO - [2026-09-28T00:39:30.428+0000] {dag.py:2726} INFO - Sync 1 DAGs
[2026-09-28T00:39:30.492+0000] {logging_mixin.py:149} INFO - [2026-09-28T00:39:30.491+0000] {dag.py:3490} INFO - Setting next_dagrun for cobertura_reentrenamiento to None, run_after=None
[2026-09-28T00:39:30.553+0000] {processor.py:178} INFO - Processing /opt/airflow/dags/1_dag_flujo.py took 0.330 seconds
[2026-09-28T00:40:00.646+0000] {processor.py:156} INFO - Started process (PID=232) to work on /opt/airflow/dags/1_dag_flujo.py
[2026-09-28T00:40:00.651+0000] {processor.py:799} INFO - Processing file /opt/airflow/dags/1_dag_flujo.py for tasks to queue
[2026-09-28T00:40:00.653+0000] {logging_mixin.py:149} INFO - [2026-09-28T00:40:00.652+0000] {dagbag.py:541} INFO - Filling up the DagBag from /opt/airflow/dags/1_dag_flujo.py
[2026-09-28T00:40:00.785+0000] {processor.py:809} INFO - DAG(s) dict_keys(['cobertura_reentrenamiento']) retrieved from /opt/airflow/dags/1_dag_flujo.py
[2026-09-28T00:40:00.857+0000] {logging_mixin.py:149} INFO - [2026-09-28T00:40:00.857+0000] {dag.py:2726} INFO - Sync 1 DAGs
[2026-09-28T00:40:00.932+0000] {logging_mixin.py:149} INFO - [2026-09-28T00:40:00.931+0000] {dag.py:3490} INFO - Setting next_dagrun for cobertura_reentrenamiento to None, run_after=None
[2026-09-28T00:40:00.991+0000] {processor.py:178} INFO - Processing /opt/airflow/dags/1_dag_flujo.py took 0.357 seconds
[2026-09-28T00:40:31.072+0000] {processor.py:156} INFO - Started process (PID=240) to work on /opt/airflow/dags/1_dag_flujo.py
[2026-09-28T00:40:31.076+0000] {processor.py:799} INFO - Processing file /opt/airflow/dags/1_dag_flujo.py for tasks to queue
[2026-09-28T00:40:31.079+0000] {logging_mixin.py:149} INFO - [2026-09-28T00:40:31.078+0000] {dagbag.py:541} INFO - Filling up the DagBag from /opt/airflow/dags/1_dag_flujo.py
[2026-09-28T00:40:31.211+0000] {processor.py:809} INFO - DAG(s) dict_keys(['cobertura_reentrenamiento']) retrieved from /opt/airflow/dags/1_dag_flujo.py
[2026-09-28T00:40:31.287+0000] {logging_mixin.py:149} INFO - [2026-09-28T00:40:31.287+0000] {dag.py:2726} INFO - Sync 1 DAGs
[2026-09-28T00:40:31.351+0000] {logging_mixin.py:149} INFO - [2026-09-28T00:40:31.351+0000] {dag.py:3490} INFO - Setting next_dagrun for cobertura_reentrenamiento to None, run_after=None
[2026-09-28T00:40:31.406+0000] {processor.py:178} INFO - Processing /opt/airflow/dags/1_dag_flujo.py took 0.346 seconds
[2026-09-28T00:41:01.534+0000] {processor.py:156} INFO - Started process (PID=248) to work on /opt/airflow/dags/1_dag_flujo.py
[2026-09-28T00:41:01.539+0000] {processor.py:799} INFO - Processing file /opt/airflow/dags/1_dag_flujo.py for tasks to queue
[2026-09-28T00:41:01.542+0000] {logging_mixin.py:149} INFO - [2026-09-28T00:41:01.541+0000] {dagbag.py:541} INFO - Filling up the DagBag from /opt/airflow/dags/1_dag_flujo.py
[2026-09-28T00:41:01.693+0000] {processor.py:809} INFO - DAG(s) dict_keys(['cobertura_reentrenamiento']) retrieved from /opt/airflow/dags/1_dag_flujo.py
[2026-09-28T00:41:01.771+0000] {logging_mixin.py:149} INFO - [2026-09-28T00:41:01.771+0000] {dag.py:2726} INFO - Sync 1 DAGs
[2026-09-28T00:41:01.838+0000] {logging_mixin.py:149} INFO - [2026-09-28T00:41:01.838+0000] {dag.py:3490} INFO - Setting next_dagrun for cobertura_reentrenamiento to None, run_after=None
[2026-09-28T00:41:01.894+0000] {processor.py:178} INFO - Processing /opt/airflow/dags/1_dag_flujo.py took 0.370 seconds
[2026-09-28T00:41:32.186+0000] {processor.py:156} INFO - Started process (PID=256) to work on /opt/airflow/dags/1_dag_flujo.py
[2026-09-28T00:41:32.190+0000] {processor.py:799} INFO - Processing file /opt/airflow/dags/1_dag_flujo.py for tasks to queue
[2026-09-28T00:41:32.192+0000] {logging_mixin.py:149} INFO - [2026-09-28T00:41:32.192+0000] {dagbag.py:541} INFO - Filling up the DagBag from /opt/airflow/dags/1_dag_flujo.py
[2026-09-28T00:41:32.318+0000] {processor.py:809} INFO - DAG(s) dict_keys(['cobertura_reentrenamiento']) retrieved from /opt/airflow/dags/1_dag_flujo.py
[2026-09-28T00:41:32.376+0000] {logging_mixin.py:149} INFO - [2026-09-28T00:41:32.375+0000] {dag.py:2726} INFO - Sync 1 DAGs
[2026-09-28T00:41:32.432+0000] {logging_mixin.py:149} INFO - [2026-09-28T00:41:32.431+0000] {dag.py:3490} INFO - Setting next_dagrun for cobertura_reentrenamiento to None, run_after=None
[2026-09-28T00:41:32.505+0000] {processor.py:178} INFO - Processing /opt/airflow/dags/1_dag_flujo.py took 0.329 seconds
[2026-09-28T00:42:02.816+0000] {processor.py:156} INFO - Started process (PID=264) to work on /opt/airflow/dags/1_dag_flujo.py
[2026-09-28T00:42:02.819+0000] {processor.py:799} INFO - Processing file /opt/airflow/dags/1_dag_flujo.py for tasks to queue
[2026-09-28T00:42:02.820+0000] {logging_mixin.py:149} INFO - [2026-09-28T00:42:02.820+0000] {dagbag.py:541} INFO - Filling up the DagBag from /opt/airflow/dags/1_dag_flujo.py
[2026-09-28T00:42:03.002+0000] {processor.py:809} INFO - DAG(s) dict_keys(['cobertura_reentrenamiento']) retrieved from /opt/airflow/dags/1_dag_flujo.py
[2026-09-28T00:42:03.082+0000] {logging_mixin.py:149} INFO - [2026-09-28T00:42:03.082+0000] {dag.py:2726} INFO - Sync 1 DAGs
[2026-09-28T00:42:03.227+0000] {processor.py:178} INFO - Processing /opt/airflow/dags/1_dag_flujo.py took 0.421 seconds
[2026-09-28T00:42:33.559+0000] {processor.py:156} INFO - Started process (PID=273) to work on /opt/airflow/dags/1_dag_flujo.py
[2026-09-28T00:42:33.564+0000] {processor.py:799} INFO - Processing file /opt/airflow/dags/1_dag_flujo.py for tasks to queue
[2026-09-28T00:42:33.566+0000] {logging_mixin.py:149} INFO - [2026-09-28T00:42:33.566+0000] {dagbag.py:541} INFO - Filling up the DagBag from /opt/airflow/dags/1_dag_flujo.py
[2026-09-28T00:42:33.701+0000] {processor.py:809} INFO - DAG(s) dict_keys(['cobertura_reentrenamiento']) retrieved from /opt/airflow/dags/1_dag_flujo.py
[2026-09-28T00:42:33.773+0000] {logging_mixin.py:149} INFO - [2026-09-28T00:42:33.773+0000] {dag.py:2726} INFO - Sync 1 DAGs
[2026-09-28T00:42:33.835+0000] {logging_mixin.py:149} INFO - [2026-09-28T00:42:33.834+0000] {dag.py:3490} INFO - Setting next_dagrun for cobertura_reentrenamiento to None, run_after=None
[2026-09-28T00:42:33.899+0000] {processor.py:178} INFO - Processing /opt/airflow/dags/1_dag_flujo.py took 0.351 seconds
[2026-09-28T00:43:04.218+0000] {processor.py:156} INFO - Started process (PID=282) to work on /opt/airflow/dags/1_dag_flujo.py
[2026-09-28T00:43:04.221+0000] {processor.py:799} INFO - Processing file /opt/airflow/dags/1_dag_flujo.py for tasks to queue
[2026-09-28T00:43:04.223+0000] {logging_mixin.py:149} INFO - [2026-09-28T00:43:04.223+0000] {dagbag.py:541} INFO - Filling up the DagBag from /opt/airflow/dags/1_dag_flujo.py
[2026-09-28T00:43:04.356+0000] {processor.py:809} INFO - DAG(s) dict_keys(['cobertura_reentrenamiento']) retrieved from /opt/airflow/dags/1_dag_flujo.py
[2026-09-28T00:43:04.415+0000] {logging_mixin.py:149} INFO - [2026-09-28T00:43:04.415+0000] {dag.py:2726} INFO - Sync 1 DAGs
[2026-09-28T00:43:04.472+0000] {logging_mixin.py:149} INFO - [2026-09-28T00:43:04.472+0000] {dag.py:3490} INFO - Setting next_dagrun for cobertura_reentrenamiento to None, run_after=None
[2026-09-28T00:43:04.524+0000] {processor.py:178} INFO - Processing /opt/airflow/dags/1_dag_flujo.py took 0.317 seconds
[2026-09-28T00:43:34.862+0000] {processor.py:156} INFO - Started process (PID=290) to work on /opt/airflow/dags/1_dag_flujo.py
[2026-09-28T00:43:34.865+0000] {processor.py:799} INFO - Processing file /opt/airflow/dags/1_dag_flujo.py for tasks to queue
[2026-09-28T00:43:34.867+0000] {logging_mixin.py:149} INFO - [2026-09-28T00:43:34.867+0000] {dagbag.py:541} INFO - Filling up the DagBag from /opt/airflow/dags/1_dag_flujo.py
[2026-09-28T00:43:34.989+0000] {processor.py:809} INFO - DAG(s) dict_keys(['cobertura_reentrenamiento']) retrieved from /opt/airflow/dags/1_dag_flujo.py
[2026-09-28T00:43:35.063+0000] {logging_mixin.py:149} INFO - [2026-09-28T00:43:35.063+0000] {dag.py:2726} INFO - Sync 1 DAGs
[2026-09-28T00:43:35.128+0000] {logging_mixin.py:149} INFO - [2026-09-28T00:43:35.128+0000] {dag.py:3490} INFO - Setting next_dagrun for cobertura_reentrenamiento to None, run_after=None
[2026-09-28T00:43:35.187+0000] {processor.py:178} INFO - Processing /opt/airflow/dags/1_dag_flujo.py took 0.337 seconds
[2026-09-28T00:44:05.506+0000] {processor.py:156} INFO - Started process (PID=298) to work on /opt/airflow/dags/1_dag_flujo.py
[2026-09-28T00:44:05.514+0000] {processor.py:799} INFO - Processing file /opt/airflow/dags/1_dag_flujo.py for tasks to queue
[2026-09-28T00:44:05.516+0000] {logging_mixin.py:149} INFO - [2026-09-28T00:44:05.516+0000] {dagbag.py:541} INFO - Filling up the DagBag from /opt/airflow/dags/1_dag_flujo.py
[2026-09-28T00:44:05.647+0000] {processor.py:809} INFO - DAG(s) dict_keys(['cobertura_reentrenamiento']) retrieved from /opt/airflow/dags/1_dag_flujo.py
[2026-09-28T00:44:05.721+0000] {logging_mixin.py:149} INFO - [2026-09-28T00:44:05.721+0000] {dag.py:2726} INFO - Sync 1 DAGs
[2026-09-28T00:44:05.776+0000] {logging_mixin.py:149} INFO - [2026-09-28T00:44:05.776+0000] {dag.py:3490} INFO - Setting next_dagrun for cobertura_reentrenamiento to None, run_after=None
[2026-09-28T00:44:05.841+0000] {processor.py:178} INFO - Processing /opt/airflow/dags/1_dag_flujo.py took 0.345 seconds
[2026-09-28T00:44:06.539+0000] {processor.py:156} INFO - Started process (PID=299) to work on /opt/airflow/dags/1_dag_flujo.py
[2026-09-28T00:44:06.541+0000] {processor.py:799} INFO - Processing file /opt/airflow/dags/1_dag_flujo.py for tasks to queue
[2026-09-28T00:44:06.543+0000] {logging_mixin.py:149} INFO - [2026-09-28T00:44:06.543+0000] {dagbag.py:541} INFO - Filling up the DagBag from /opt/airflow/dags/1_dag_flujo.py
[2026-09-28T00:44:06.701+0000] {processor.py:809} INFO - DAG(s) dict_keys(['cobertura_pipeline']) retrieved from /opt/airflow/dags/1_dag_flujo.py
[2026-09-28T00:44:06.875+0000] {logging_mixin.py:149} INFO - [2026-09-28T00:44:06.875+0000] {dag.py:2726} INFO - Sync 1 DAGs
[2026-09-28T00:44:07.021+0000] {processor.py:178} INFO - Processing /opt/airflow/dags/1_dag_flujo.py took 0.494 seconds
[2026-09-28T00:44:31.168+0000] {processor.py:156} INFO - Started process (PID=308) to work on /opt/airflow/dags/1_dag_flujo.py
[2026-09-28T00:44:31.173+0000] {processor.py:799} INFO - Processing file /opt/airflow/dags/1_dag_flujo.py for tasks to queue
[2026-09-28T00:44:31.176+0000] {logging_mixin.py:149} INFO - [2026-09-28T00:44:31.175+0000] {dagbag.py:541} INFO - Filling up the DagBag from /opt/airflow/dags/1_dag_flujo.py
[2026-09-28T00:44:31.342+0000] {processor.py:809} INFO - DAG(s) dict_keys(['cobertura_pipeline']) retrieved from /opt/airflow/dags/1_dag_flujo.py
[2026-09-28T00:44:31.382+0000] {logging_mixin.py:149} INFO - [2026-09-28T00:44:31.381+0000] {dag.py:2726} INFO - Sync 1 DAGs
[2026-09-28T00:44:31.490+0000] {processor.py:178} INFO - Processing /opt/airflow/dags/1_dag_flujo.py took 0.333 seconds
[2026-09-28T00:45:01.561+0000] {processor.py:156} INFO - Started process (PID=317) to work on /opt/airflow/dags/1_dag_flujo.py
[2026-09-28T00:45:01.565+0000] {processor.py:799} INFO - Processing file /opt/airflow/dags/1_dag_flujo.py for tasks to queue
[2026-09-28T00:45:01.567+0000] {logging_mixin.py:149} INFO - [2026-09-28T00:45:01.566+0000] {dagbag.py:541} INFO - Filling up the DagBag from /opt/airflow/dags/1_dag_flujo.py
[2026-09-28T00:45:01.713+0000] {processor.py:809} INFO - DAG(s) dict_keys(['cobertura_pipeline']) retrieved from /opt/airflow/dags/1_dag_flujo.py
[2026-09-28T00:45:01.760+0000] {logging_mixin.py:149} INFO - [2026-09-28T00:45:01.760+0000] {dag.py:2726} INFO - Sync 1 DAGs
[2026-09-28T00:45:01.818+0000] {processor.py:178} INFO - Processing /opt/airflow/dags/1_dag_flujo.py took 0.268 seconds
[2026-09-28T00:45:32.091+0000] {processor.py:156} INFO - Started process (PID=325) to work on /opt/airflow/dags/1_dag_flujo.py
[2026-09-28T00:45:32.094+0000] {processor.py:799} INFO - Processing file /opt/airflow/dags/1_dag_flujo.py for tasks to queue
[2026-09-28T00:45:32.096+0000] {logging_mixin.py:149} INFO - [2026-09-28T00:45:32.096+0000] {dagbag.py:541} INFO - Filling up the DagBag from /opt/airflow/dags/1_dag_flujo.py
[2026-09-28T00:45:32.233+0000] {processor.py:809} INFO - DAG(s) dict_keys(['cobertura_pipeline']) retrieved from /opt/airflow/dags/1_dag_flujo.py
[2026-09-28T00:45:32.351+0000] {logging_mixin.py:149} INFO - [2026-09-28T00:45:32.351+0000] {dag.py:2726} INFO - Sync 1 DAGs
[2026-09-28T00:45:32.376+0000] {logging_mixin.py:149} INFO - [2026-09-28T00:45:32.375+0000] {dag.py:2747} INFO - Creating ORM DAG for cobertura_pipeline
[2026-09-28T00:45:32.420+0000] {logging_mixin.py:149} INFO - [2026-09-28T00:45:32.420+0000] {dag.py:3490} INFO - Setting next_dagrun for cobertura_pipeline to 2026-09-28T00:39:32.419411+00:00, run_after=2026-09-28T00:45:32.419411+00:00
[2026-09-28T00:45:32.478+0000] {processor.py:178} INFO - Processing /opt/airflow/dags/1_dag_flujo.py took 0.399 seconds
[2026-09-28T00:46:29.661+0000] {processor.py:156} INFO - Started process (PID=55) to work on /opt/airflow/dags/1_dag_flujo.py
[2026-09-28T00:46:29.668+0000] {processor.py:799} INFO - Processing file /opt/airflow/dags/1_dag_flujo.py for tasks to queue
[2026-09-28T00:46:29.669+0000] {logging_mixin.py:149} INFO - [2026-09-28T00:46:29.669+0000] {dagbag.py:541} INFO - Filling up the DagBag from /opt/airflow/dags/1_dag_flujo.py
[2026-09-28T00:46:30.214+0000] {processor.py:809} INFO - DAG(s) dict_keys(['cobertura_pipeline']) retrieved from /opt/airflow/dags/1_dag_flujo.py
[2026-09-28T00:46:30.561+0000] {logging_mixin.py:149} INFO - [2026-09-28T00:46:30.561+0000] {dag.py:2726} INFO - Sync 1 DAGs
[2026-09-28T00:46:30.594+0000] {logging_mixin.py:149} INFO - [2026-09-28T00:46:30.593+0000] {dag.py:3490} INFO - Setting next_dagrun for cobertura_pipeline to 2026-09-28T00:40:30.593533+00:00, run_after=2026-09-28T00:46:30.593533+00:00
[2026-09-28T00:46:30.641+0000] {processor.py:178} INFO - Processing /opt/airflow/dags/1_dag_flujo.py took 0.995 seconds
[2026-09-28T00:47:00.914+0000] {processor.py:156} INFO - Started process (PID=63) to work on /opt/airflow/dags/1_dag_flujo.py
[2026-09-28T00:47:00.942+0000] {processor.py:799} INFO - Processing file /opt/airflow/dags/1_dag_flujo.py for tasks to queue
[2026-09-28T00:47:00.945+0000] {logging_mixin.py:149} INFO - [2026-09-28T00:47:00.944+0000] {dagbag.py:541} INFO - Filling up the DagBag from /opt/airflow/dags/1_dag_flujo.py
[2026-09-28T00:47:01.109+0000] {processor.py:809} INFO - DAG(s) dict_keys(['cobertura_pipeline']) retrieved from /opt/airflow/dags/1_dag_flujo.py
[2026-09-28T00:47:01.156+0000] {logging_mixin.py:149} INFO - [2026-09-28T00:47:01.156+0000] {dag.py:2726} INFO - Sync 1 DAGs
[2026-09-28T00:47:01.200+0000] {logging_mixin.py:149} INFO - [2026-09-28T00:47:01.199+0000] {dag.py:3490} INFO - Setting next_dagrun for cobertura_pipeline to 2026-09-28T00:41:01.199375+00:00, run_after=2026-09-28T00:47:01.199375+00:00
[2026-09-28T00:47:01.259+0000] {processor.py:178} INFO - Processing /opt/airflow/dags/1_dag_flujo.py took 0.353 seconds
[2026-09-28T00:47:31.545+0000] {processor.py:156} INFO - Started process (PID=71) to work on /opt/airflow/dags/1_dag_flujo.py
[2026-09-28T00:47:31.549+0000] {processor.py:799} INFO - Processing file /opt/airflow/dags/1_dag_flujo.py for tasks to queue
[2026-09-28T00:47:31.551+0000] {logging_mixin.py:149} INFO - [2026-09-28T00:47:31.550+0000] {dagbag.py:541} INFO - Filling up the DagBag from /opt/airflow/dags/1_dag_flujo.py
[2026-09-28T00:47:31.678+0000] {processor.py:809} INFO - DAG(s) dict_keys(['cobertura_pipeline']) retrieved from /opt/airflow/dags/1_dag_flujo.py
[2026-09-28T00:47:31.756+0000] {logging_mixin.py:149} INFO - [2026-09-28T00:47:31.756+0000] {dag.py:2726} INFO - Sync 1 DAGs
[2026-09-28T00:47:31.821+0000] {logging_mixin.py:149} INFO - [2026-09-28T00:47:31.820+0000] {dag.py:3490} INFO - Setting next_dagrun for cobertura_pipeline to 2026-09-28T00:41:31.819736+00:00, run_after=2026-09-28T00:47:31.819736+00:00
[2026-09-28T00:47:31.889+0000] {processor.py:178} INFO - Processing /opt/airflow/dags/1_dag_flujo.py took 0.354 seconds
[2026-09-28T00:48:02.187+0000] {processor.py:156} INFO - Started process (PID=79) to work on /opt/airflow/dags/1_dag_flujo.py
[2026-09-28T00:48:02.192+0000] {processor.py:799} INFO - Processing file /opt/airflow/dags/1_dag_flujo.py for tasks to queue
[2026-09-28T00:48:02.194+0000] {logging_mixin.py:149} INFO - [2026-09-28T00:48:02.194+0000] {dagbag.py:541} INFO - Filling up the DagBag from /opt/airflow/dags/1_dag_flujo.py
[2026-09-28T00:48:02.324+0000] {processor.py:809} INFO - DAG(s) dict_keys(['cobertura_pipeline']) retrieved from /opt/airflow/dags/1_dag_flujo.py
[2026-09-28T00:48:02.402+0000] {logging_mixin.py:149} INFO - [2026-09-28T00:48:02.402+0000] {dag.py:2726} INFO - Sync 1 DAGs
[2026-09-28T00:48:02.470+0000] {logging_mixin.py:149} INFO - [2026-09-28T00:48:02.469+0000] {dag.py:3490} INFO - Setting next_dagrun for cobertura_pipeline to 2026-09-28T00:42:02.469317+00:00, run_after=2026-09-28T00:48:02.469317+00:00
[2026-09-28T00:48:02.527+0000] {processor.py:178} INFO - Processing /opt/airflow/dags/1_dag_flujo.py took 0.350 seconds
[2026-09-28T00:48:32.829+0000] {processor.py:156} INFO - Started process (PID=87) to work on /opt/airflow/dags/1_dag_flujo.py
[2026-09-28T00:48:32.840+0000] {processor.py:799} INFO - Processing file /opt/airflow/dags/1_dag_flujo.py for tasks to queue
[2026-09-28T00:48:32.842+0000] {logging_mixin.py:149} INFO - [2026-09-28T00:48:32.842+0000] {dagbag.py:541} INFO - Filling up the DagBag from /opt/airflow/dags/1_dag_flujo.py
[2026-09-28T00:48:32.987+0000] {processor.py:809} INFO - DAG(s) dict_keys(['cobertura_pipeline']) retrieved from /opt/airflow/dags/1_dag_flujo.py
[2026-09-28T00:48:33.058+0000] {logging_mixin.py:149} INFO - [2026-09-28T00:48:33.057+0000] {dag.py:2726} INFO - Sync 1 DAGs
[2026-09-28T00:48:33.122+0000] {logging_mixin.py:149} INFO - [2026-09-28T00:48:33.121+0000] {dag.py:3490} INFO - Setting next_dagrun for cobertura_pipeline to 2026-09-28T00:42:33.120816+00:00, run_after=2026-09-28T00:48:33.120816+00:00
[2026-09-28T00:48:33.182+0000] {processor.py:178} INFO - Processing /opt/airflow/dags/1_dag_flujo.py took 0.361 seconds
[2026-09-28T00:49:03.499+0000] {processor.py:156} INFO - Started process (PID=95) to work on /opt/airflow/dags/1_dag_flujo.py
[2026-09-28T00:49:03.507+0000] {processor.py:799} INFO - Processing file /opt/airflow/dags/1_dag_flujo.py for tasks to queue
[2026-09-28T00:49:03.510+0000] {logging_mixin.py:149} INFO - [2026-09-28T00:49:03.509+0000] {dagbag.py:541} INFO - Filling up the DagBag from /opt/airflow/dags/1_dag_flujo.py
[2026-09-28T00:49:03.678+0000] {processor.py:809} INFO - DAG(s) dict_keys(['cobertura_pipeline']) retrieved from /opt/airflow/dags/1_dag_flujo.py
[2026-09-28T00:49:03.752+0000] {logging_mixin.py:149} INFO - [2026-09-28T00:49:03.751+0000] {dag.py:2726} INFO - Sync 1 DAGs
[2026-09-28T00:49:03.831+0000] {logging_mixin.py:149} INFO - [2026-09-28T00:49:03.830+0000] {dag.py:3490} INFO - Setting next_dagrun for cobertura_pipeline to 2026-09-28T00:43:03.829946+00:00, run_after=2026-09-28T00:49:03.829946+00:00
[2026-09-28T00:49:03.889+0000] {processor.py:178} INFO - Processing /opt/airflow/dags/1_dag_flujo.py took 0.401 seconds
[2026-09-28T00:49:34.202+0000] {processor.py:156} INFO - Started process (PID=103) to work on /opt/airflow/dags/1_dag_flujo.py
[2026-09-28T00:49:34.208+0000] {processor.py:799} INFO - Processing file /opt/airflow/dags/1_dag_flujo.py for tasks to queue
[2026-09-28T00:49:34.210+0000] {logging_mixin.py:149} INFO - [2026-09-28T00:49:34.210+0000] {dagbag.py:541} INFO - Filling up the DagBag from /opt/airflow/dags/1_dag_flujo.py
[2026-09-28T00:49:34.385+0000] {processor.py:809} INFO - DAG(s) dict_keys(['cobertura_pipeline']) retrieved from /opt/airflow/dags/1_dag_flujo.py
[2026-09-28T00:49:34.471+0000] {logging_mixin.py:149} INFO - [2026-09-28T00:49:34.470+0000] {dag.py:2726} INFO - Sync 1 DAGs
[2026-09-28T00:49:34.533+0000] {logging_mixin.py:149} INFO - [2026-09-28T00:49:34.532+0000] {dag.py:3490} INFO - Setting next_dagrun for cobertura_pipeline to 2026-09-28T00:43:34.532332+00:00, run_after=2026-09-28T00:49:34.532332+00:00
[2026-09-28T00:49:34.591+0000] {processor.py:178} INFO - Processing /opt/airflow/dags/1_dag_flujo.py took 0.402 seconds
[2026-09-28T00:49:51.369+0000] {processor.py:156} INFO - Started process (PID=104) to work on /opt/airflow/dags/1_dag_flujo.py
[2026-09-28T00:49:51.372+0000] {processor.py:799} INFO - Processing file /opt/airflow/dags/1_dag_flujo.py for tasks to queue
[2026-09-28T00:49:51.374+0000] {logging_mixin.py:149} INFO - [2026-09-28T00:49:51.374+0000] {dagbag.py:541} INFO - Filling up the DagBag from /opt/airflow/dags/1_dag_flujo.py
[2026-09-28T00:49:51.547+0000] {processor.py:809} INFO - DAG(s) dict_keys(['cobertura_pipeline']) retrieved from /opt/airflow/dags/1_dag_flujo.py
[2026-09-28T00:49:51.599+0000] {logging_mixin.py:149} INFO - [2026-09-28T00:49:51.598+0000] {dag.py:2726} INFO - Sync 1 DAGs
[2026-09-28T00:49:51.673+0000] {logging_mixin.py:149} INFO - [2026-09-28T00:49:51.673+0000] {dag.py:3490} INFO - Setting next_dagrun for cobertura_pipeline to 2026-09-28T00:43:51.672329+00:00, run_after=2026-09-28T00:49:51.672329+00:00
[2026-09-28T00:49:51.712+0000] {processor.py:178} INFO - Processing /opt/airflow/dags/1_dag_flujo.py took 0.351 seconds
[2026-09-28T00:50:21.978+0000] {processor.py:156} INFO - Started process (PID=112) to work on /opt/airflow/dags/1_dag_flujo.py
[2026-09-28T00:50:21.983+0000] {processor.py:799} INFO - Processing file /opt/airflow/dags/1_dag_flujo.py for tasks to queue
[2026-09-28T00:50:21.984+0000] {logging_mixin.py:149} INFO - [2026-09-28T00:50:21.984+0000] {dagbag.py:541} INFO - Filling up the DagBag from /opt/airflow/dags/1_dag_flujo.py
[2026-09-28T00:50:22.109+0000] {processor.py:809} INFO - DAG(s) dict_keys(['cobertura_pipeline']) retrieved from /opt/airflow/dags/1_dag_flujo.py
[2026-09-28T00:50:22.264+0000] {logging_mixin.py:149} INFO - [2026-09-28T00:50:22.264+0000] {dag.py:2726} INFO - Sync 1 DAGs
[2026-09-28T00:50:22.343+0000] {logging_mixin.py:149} INFO - [2026-09-28T00:50:22.343+0000] {dag.py:3490} INFO - Setting next_dagrun for cobertura_pipeline to 2026-09-28T00:44:22.342370+00:00, run_after=2026-09-28T00:50:22.342370+00:00
[2026-09-28T00:50:22.430+0000] {processor.py:178} INFO - Processing /opt/airflow/dags/1_dag_flujo.py took 0.457 seconds
[2026-09-28T00:50:52.725+0000] {processor.py:156} INFO - Started process (PID=120) to work on /opt/airflow/dags/1_dag_flujo.py
[2026-09-28T00:50:52.728+0000] {processor.py:799} INFO - Processing file /opt/airflow/dags/1_dag_flujo.py for tasks to queue
[2026-09-28T00:50:52.730+0000] {logging_mixin.py:149} INFO - [2026-09-28T00:50:52.730+0000] {dagbag.py:541} INFO - Filling up the DagBag from /opt/airflow/dags/1_dag_flujo.py
[2026-09-28T00:50:52.896+0000] {processor.py:809} INFO - DAG(s) dict_keys(['cobertura_pipeline']) retrieved from /opt/airflow/dags/1_dag_flujo.py
[2026-09-28T00:50:52.984+0000] {logging_mixin.py:149} INFO - [2026-09-28T00:50:52.984+0000] {dag.py:2726} INFO - Sync 1 DAGs
[2026-09-28T00:50:53.051+0000] {logging_mixin.py:149} INFO - [2026-09-28T00:50:53.051+0000] {dag.py:3490} INFO - Setting next_dagrun for cobertura_pipeline to 2026-09-28T00:44:53.050674+00:00, run_after=2026-09-28T00:50:53.050674+00:00
[2026-09-28T00:50:53.115+0000] {processor.py:178} INFO - Processing /opt/airflow/dags/1_dag_flujo.py took 0.402 seconds
[2026-09-28T00:51:23.401+0000] {processor.py:156} INFO - Started process (PID=128) to work on /opt/airflow/dags/1_dag_flujo.py
[2026-09-28T00:51:23.407+0000] {processor.py:799} INFO - Processing file /opt/airflow/dags/1_dag_flujo.py for tasks to queue
[2026-09-28T00:51:23.410+0000] {logging_mixin.py:149} INFO - [2026-09-28T00:51:23.409+0000] {dagbag.py:541} INFO - Filling up the DagBag from /opt/airflow/dags/1_dag_flujo.py
[2026-09-28T00:51:23.540+0000] {processor.py:809} INFO - DAG(s) dict_keys(['cobertura_pipeline']) retrieved from /opt/airflow/dags/1_dag_flujo.py
[2026-09-28T00:51:23.622+0000] {logging_mixin.py:149} INFO - [2026-09-28T00:51:23.621+0000] {dag.py:2726} INFO - Sync 1 DAGs
[2026-09-28T00:51:23.746+0000] {processor.py:178} INFO - Processing /opt/airflow/dags/1_dag_flujo.py took 0.357 seconds
[2026-09-28T00:51:54.055+0000] {processor.py:156} INFO - Started process (PID=136) to work on /opt/airflow/dags/1_dag_flujo.py
[2026-09-28T00:51:54.061+0000] {processor.py:799} INFO - Processing file /opt/airflow/dags/1_dag_flujo.py for tasks to queue
[2026-09-28T00:51:54.062+0000] {logging_mixin.py:149} INFO - [2026-09-28T00:51:54.062+0000] {dagbag.py:541} INFO - Filling up the DagBag from /opt/airflow/dags/1_dag_flujo.py
[2026-09-28T00:51:54.202+0000] {processor.py:809} INFO - DAG(s) dict_keys(['cobertura_pipeline']) retrieved from /opt/airflow/dags/1_dag_flujo.py
[2026-09-28T00:51:54.245+0000] {logging_mixin.py:149} INFO - [2026-09-28T00:51:54.244+0000] {dag.py:2726} INFO - Sync 1 DAGs
[2026-09-28T00:51:54.372+0000] {processor.py:178} INFO - Processing /opt/airflow/dags/1_dag_flujo.py took 0.327 seconds
[2026-09-28T00:52:24.643+0000] {processor.py:156} INFO - Started process (PID=144) to work on /opt/airflow/dags/1_dag_flujo.py
[2026-09-28T00:52:24.652+0000] {processor.py:799} INFO - Processing file /opt/airflow/dags/1_dag_flujo.py for tasks to queue
[2026-09-28T00:52:24.654+0000] {logging_mixin.py:149} INFO - [2026-09-28T00:52:24.654+0000] {dagbag.py:541} INFO - Filling up the DagBag from /opt/airflow/dags/1_dag_flujo.py
[2026-09-28T00:52:24.787+0000] {processor.py:809} INFO - DAG(s) dict_keys(['cobertura_pipeline']) retrieved from /opt/airflow/dags/1_dag_flujo.py
[2026-09-28T00:52:24.874+0000] {logging_mixin.py:149} INFO - [2026-09-28T00:52:24.874+0000] {dag.py:2726} INFO - Sync 1 DAGs
[2026-09-28T00:52:24.938+0000] {logging_mixin.py:149} INFO - [2026-09-28T00:52:24.938+0000] {dag.py:3490} INFO - Setting next_dagrun for cobertura_pipeline to 2026-09-28T00:50:53.050674+00:00, run_after=2026-09-28T00:56:53.050674+00:00
[2026-09-28T00:52:24.995+0000] {processor.py:178} INFO - Processing /opt/airflow/dags/1_dag_flujo.py took 0.363 seconds
[2026-09-28T00:52:55.280+0000] {processor.py:156} INFO - Started process (PID=152) to work on /opt/airflow/dags/1_dag_flujo.py
[2026-09-28T00:52:55.284+0000] {processor.py:799} INFO - Processing file /opt/airflow/dags/1_dag_flujo.py for tasks to queue
[2026-09-28T00:52:55.286+0000] {logging_mixin.py:149} INFO - [2026-09-28T00:52:55.286+0000] {dagbag.py:541} INFO - Filling up the DagBag from /opt/airflow/dags/1_dag_flujo.py
[2026-09-28T00:52:55.416+0000] {processor.py:809} INFO - DAG(s) dict_keys(['cobertura_pipeline']) retrieved from /opt/airflow/dags/1_dag_flujo.py
[2026-09-28T00:52:55.500+0000] {logging_mixin.py:149} INFO - [2026-09-28T00:52:55.500+0000] {dag.py:2726} INFO - Sync 1 DAGs
[2026-09-28T00:52:55.571+0000] {logging_mixin.py:149} INFO - [2026-09-28T00:52:55.570+0000] {dag.py:3490} INFO - Setting next_dagrun for cobertura_pipeline to 2026-09-28T00:50:53.050674+00:00, run_after=2026-09-28T00:56:53.050674+00:00
[2026-09-28T00:52:55.631+0000] {processor.py:178} INFO - Processing /opt/airflow/dags/1_dag_flujo.py took 0.363 seconds
[2026-09-28T00:53:25.912+0000] {processor.py:156} INFO - Started process (PID=160) to work on /opt/airflow/dags/1_dag_flujo.py
[2026-09-28T00:53:25.919+0000] {processor.py:799} INFO - Processing file /opt/airflow/dags/1_dag_flujo.py for tasks to queue
[2026-09-28T00:53:25.921+0000] {logging_mixin.py:149} INFO - [2026-09-28T00:53:25.921+0000] {dagbag.py:541} INFO - Filling up the DagBag from /opt/airflow/dags/1_dag_flujo.py
[2026-09-28T00:53:26.046+0000] {processor.py:809} INFO - DAG(s) dict_keys(['cobertura_pipeline']) retrieved from /opt/airflow/dags/1_dag_flujo.py
[2026-09-28T00:53:26.140+0000] {logging_mixin.py:149} INFO - [2026-09-28T00:53:26.140+0000] {dag.py:2726} INFO - Sync 1 DAGs
[2026-09-28T00:53:26.213+0000] {logging_mixin.py:149} INFO - [2026-09-28T00:53:26.212+0000] {dag.py:3490} INFO - Setting next_dagrun for cobertura_pipeline to 2026-09-28T00:50:53.050674+00:00, run_after=2026-09-28T00:56:53.050674+00:00
[2026-09-28T00:53:26.288+0000] {processor.py:178} INFO - Processing /opt/airflow/dags/1_dag_flujo.py took 0.385 seconds
[2026-09-28T00:53:56.589+0000] {processor.py:156} INFO - Started process (PID=168) to work on /opt/airflow/dags/1_dag_flujo.py
[2026-09-28T00:53:56.596+0000] {processor.py:799} INFO - Processing file /opt/airflow/dags/1_dag_flujo.py for tasks to queue
[2026-09-28T00:53:56.598+0000] {logging_mixin.py:149} INFO - [2026-09-28T00:53:56.598+0000] {dagbag.py:541} INFO - Filling up the DagBag from /opt/airflow/dags/1_dag_flujo.py
[2026-09-28T00:53:56.756+0000] {processor.py:809} INFO - DAG(s) dict_keys(['cobertura_pipeline']) retrieved from /opt/airflow/dags/1_dag_flujo.py
[2026-09-28T00:53:56.823+0000] {logging_mixin.py:149} INFO - [2026-09-28T00:53:56.823+0000] {dag.py:2726} INFO - Sync 1 DAGs
[2026-09-28T00:53:56.881+0000] {logging_mixin.py:149} INFO - [2026-09-28T00:53:56.880+0000] {dag.py:3490} INFO - Setting next_dagrun for cobertura_pipeline to 2026-09-28T00:50:53.050674+00:00, run_after=2026-09-28T00:56:53.050674+00:00
[2026-09-28T00:53:56.941+0000] {processor.py:178} INFO - Processing /opt/airflow/dags/1_dag_flujo.py took 0.363 seconds
[2026-09-28T00:54:27.250+0000] {processor.py:156} INFO - Started process (PID=176) to work on /opt/airflow/dags/1_dag_flujo.py
[2026-09-28T00:54:27.254+0000] {processor.py:799} INFO - Processing file /opt/airflow/dags/1_dag_flujo.py for tasks to queue
[2026-09-28T00:54:27.257+0000] {logging_mixin.py:149} INFO - [2026-09-28T00:54:27.256+0000] {dagbag.py:541} INFO - Filling up the DagBag from /opt/airflow/dags/1_dag_flujo.py
[2026-09-28T00:54:27.477+0000] {processor.py:809} INFO - DAG(s) dict_keys(['cobertura_pipeline']) retrieved from /opt/airflow/dags/1_dag_flujo.py
[2026-09-28T00:54:27.573+0000] {logging_mixin.py:149} INFO - [2026-09-28T00:54:27.573+0000] {dag.py:2726} INFO - Sync 1 DAGs
[2026-09-28T00:54:27.643+0000] {logging_mixin.py:149} INFO - [2026-09-28T00:54:27.643+0000] {dag.py:3490} INFO - Setting next_dagrun for cobertura_pipeline to 2026-09-28T00:50:53.050674+00:00, run_after=2026-09-28T00:56:53.050674+00:00
[2026-09-28T00:54:27.706+0000] {processor.py:178} INFO - Processing /opt/airflow/dags/1_dag_flujo.py took 0.467 seconds
[2026-09-28T00:54:58.012+0000] {processor.py:156} INFO - Started process (PID=184) to work on /opt/airflow/dags/1_dag_flujo.py
[2026-09-28T00:54:58.022+0000] {processor.py:799} INFO - Processing file /opt/airflow/dags/1_dag_flujo.py for tasks to queue
[2026-09-28T00:54:58.025+0000] {logging_mixin.py:149} INFO - [2026-09-28T00:54:58.024+0000] {dagbag.py:541} INFO - Filling up the DagBag from /opt/airflow/dags/1_dag_flujo.py
[2026-09-28T00:54:58.162+0000] {processor.py:809} INFO - DAG(s) dict_keys(['cobertura_pipeline']) retrieved from /opt/airflow/dags/1_dag_flujo.py
[2026-09-28T00:54:58.238+0000] {logging_mixin.py:149} INFO - [2026-09-28T00:54:58.237+0000] {dag.py:2726} INFO - Sync 1 DAGs
[2026-09-28T00:54:58.304+0000] {logging_mixin.py:149} INFO - [2026-09-28T00:54:58.303+0000] {dag.py:3490} INFO - Setting next_dagrun for cobertura_pipeline to 2026-09-28T00:50:53.050674+00:00, run_after=2026-09-28T00:56:53.050674+00:00
[2026-09-28T00:54:58.370+0000] {processor.py:178} INFO - Processing /opt/airflow/dags/1_dag_flujo.py took 0.370 seconds
[2026-09-28T00:55:28.683+0000] {processor.py:156} INFO - Started process (PID=192) to work on /opt/airflow/dags/1_dag_flujo.py
[2026-09-28T00:55:28.687+0000] {processor.py:799} INFO - Processing file /opt/airflow/dags/1_dag_flujo.py for tasks to queue
[2026-09-28T00:55:28.689+0000] {logging_mixin.py:149} INFO - [2026-09-28T00:55:28.688+0000] {dagbag.py:541} INFO - Filling up the DagBag from /opt/airflow/dags/1_dag_flujo.py
[2026-09-28T00:55:28.809+0000] {processor.py:809} INFO - DAG(s) dict_keys(['cobertura_pipeline']) retrieved from /opt/airflow/dags/1_dag_flujo.py
[2026-09-28T00:55:28.888+0000] {logging_mixin.py:149} INFO - [2026-09-28T00:55:28.888+0000] {dag.py:2726} INFO - Sync 1 DAGs
[2026-09-28T00:55:28.960+0000] {logging_mixin.py:149} INFO - [2026-09-28T00:55:28.959+0000] {dag.py:3490} INFO - Setting next_dagrun for cobertura_pipeline to 2026-09-28T00:50:53.050674+00:00, run_after=2026-09-28T00:56:53.050674+00:00
[2026-09-28T00:55:29.026+0000] {processor.py:178} INFO - Processing /opt/airflow/dags/1_dag_flujo.py took 0.351 seconds
[2026-09-28T00:55:59.320+0000] {processor.py:156} INFO - Started process (PID=201) to work on /opt/airflow/dags/1_dag_flujo.py
[2026-09-28T00:55:59.326+0000] {processor.py:799} INFO - Processing file /opt/airflow/dags/1_dag_flujo.py for tasks to queue
[2026-09-28T00:55:59.328+0000] {logging_mixin.py:149} INFO - [2026-09-28T00:55:59.328+0000] {dagbag.py:541} INFO - Filling up the DagBag from /opt/airflow/dags/1_dag_flujo.py
[2026-09-28T00:55:59.479+0000] {processor.py:809} INFO - DAG(s) dict_keys(['cobertura_pipeline']) retrieved from /opt/airflow/dags/1_dag_flujo.py
[2026-09-28T00:55:59.558+0000] {logging_mixin.py:149} INFO - [2026-09-28T00:55:59.558+0000] {dag.py:2726} INFO - Sync 1 DAGs
[2026-09-28T00:55:59.625+0000] {logging_mixin.py:149} INFO - [2026-09-28T00:55:59.625+0000] {dag.py:3490} INFO - Setting next_dagrun for cobertura_pipeline to 2026-09-28T00:50:53.050674+00:00, run_after=2026-09-28T00:56:53.050674+00:00
[2026-09-28T00:55:59.680+0000] {processor.py:178} INFO - Processing /opt/airflow/dags/1_dag_flujo.py took 0.370 seconds
[2026-09-28T00:56:30.012+0000] {processor.py:156} INFO - Started process (PID=210) to work on /opt/airflow/dags/1_dag_flujo.py
[2026-09-28T00:56:30.019+0000] {processor.py:799} INFO - Processing file /opt/airflow/dags/1_dag_flujo.py for tasks to queue
[2026-09-28T00:56:30.021+0000] {logging_mixin.py:149} INFO - [2026-09-28T00:56:30.021+0000] {dagbag.py:541} INFO - Filling up the DagBag from /opt/airflow/dags/1_dag_flujo.py
[2026-09-28T00:56:30.152+0000] {processor.py:809} INFO - DAG(s) dict_keys(['cobertura_pipeline']) retrieved from /opt/airflow/dags/1_dag_flujo.py
[2026-09-28T00:56:30.235+0000] {logging_mixin.py:149} INFO - [2026-09-28T00:56:30.235+0000] {dag.py:2726} INFO - Sync 1 DAGs
[2026-09-28T00:56:30.303+0000] {logging_mixin.py:149} INFO - [2026-09-28T00:56:30.303+0000] {dag.py:3490} INFO - Setting next_dagrun for cobertura_pipeline to 2026-09-28T00:50:53.050674+00:00, run_after=2026-09-28T00:56:53.050674+00:00
[2026-09-28T00:56:30.360+0000] {processor.py:178} INFO - Processing /opt/airflow/dags/1_dag_flujo.py took 0.358 seconds
[2026-09-28T00:57:00.637+0000] {processor.py:156} INFO - Started process (PID=218) to work on /opt/airflow/dags/1_dag_flujo.py
[2026-09-28T00:57:00.641+0000] {processor.py:799} INFO - Processing file /opt/airflow/dags/1_dag_flujo.py for tasks to queue
[2026-09-28T00:57:00.642+0000] {logging_mixin.py:149} INFO - [2026-09-28T00:57:00.642+0000] {dagbag.py:541} INFO - Filling up the DagBag from /opt/airflow/dags/1_dag_flujo.py
[2026-09-28T00:57:00.741+0000] {processor.py:809} INFO - DAG(s) dict_keys(['cobertura_pipeline']) retrieved from /opt/airflow/dags/1_dag_flujo.py
[2026-09-28T00:57:00.821+0000] {logging_mixin.py:149} INFO - [2026-09-28T00:57:00.821+0000] {dag.py:2726} INFO - Sync 1 DAGs
[2026-09-28T00:57:00.960+0000] {processor.py:178} INFO - Processing /opt/airflow/dags/1_dag_flujo.py took 0.328 seconds
[2026-09-28T00:57:31.232+0000] {processor.py:156} INFO - Started process (PID=226) to work on /opt/airflow/dags/1_dag_flujo.py
[2026-09-28T00:57:31.247+0000] {processor.py:799} INFO - Processing file /opt/airflow/dags/1_dag_flujo.py for tasks to queue
[2026-09-28T00:57:31.248+0000] {logging_mixin.py:149} INFO - [2026-09-28T00:57:31.248+0000] {dagbag.py:541} INFO - Filling up the DagBag from /opt/airflow/dags/1_dag_flujo.py
[2026-09-28T00:57:31.375+0000] {processor.py:809} INFO - DAG(s) dict_keys(['cobertura_pipeline']) retrieved from /opt/airflow/dags/1_dag_flujo.py
[2026-09-28T00:57:31.426+0000] {logging_mixin.py:149} INFO - [2026-09-28T00:57:31.426+0000] {dag.py:2726} INFO - Sync 1 DAGs
[2026-09-28T00:57:31.459+0000] {logging_mixin.py:149} INFO - [2026-09-28T00:57:31.459+0000] {dag.py:3490} INFO - Setting next_dagrun for cobertura_pipeline to 2026-09-28T00:56:53.050674+00:00, run_after=2026-09-28T01:02:53.050674+00:00
[2026-09-28T00:57:31.483+0000] {processor.py:178} INFO - Processing /opt/airflow/dags/1_dag_flujo.py took 0.266 seconds
[2026-09-28T00:58:01.793+0000] {processor.py:156} INFO - Started process (PID=234) to work on /opt/airflow/dags/1_dag_flujo.py
[2026-09-28T00:58:01.798+0000] {processor.py:799} INFO - Processing file /opt/airflow/dags/1_dag_flujo.py for tasks to queue
[2026-09-28T00:58:01.800+0000] {logging_mixin.py:149} INFO - [2026-09-28T00:58:01.800+0000] {dagbag.py:541} INFO - Filling up the DagBag from /opt/airflow/dags/1_dag_flujo.py
[2026-09-28T00:58:01.945+0000] {processor.py:809} INFO - DAG(s) dict_keys(['cobertura_pipeline']) retrieved from /opt/airflow/dags/1_dag_flujo.py
[2026-09-28T00:58:02.033+0000] {logging_mixin.py:149} INFO - [2026-09-28T00:58:02.033+0000] {dag.py:2726} INFO - Sync 1 DAGs
[2026-09-28T00:58:02.099+0000] {logging_mixin.py:149} INFO - [2026-09-28T00:58:02.099+0000] {dag.py:3490} INFO - Setting next_dagrun for cobertura_pipeline to 2026-09-28T00:56:53.050674+00:00, run_after=2026-09-28T01:02:53.050674+00:00
[2026-09-28T00:58:02.168+0000] {processor.py:178} INFO - Processing /opt/airflow/dags/1_dag_flujo.py took 0.386 seconds
[2026-09-28T00:58:32.473+0000] {processor.py:156} INFO - Started process (PID=242) to work on /opt/airflow/dags/1_dag_flujo.py
[2026-09-28T00:58:32.477+0000] {processor.py:799} INFO - Processing file /opt/airflow/dags/1_dag_flujo.py for tasks to queue
[2026-09-28T00:58:32.479+0000] {logging_mixin.py:149} INFO - [2026-09-28T00:58:32.479+0000] {dagbag.py:541} INFO - Filling up the DagBag from /opt/airflow/dags/1_dag_flujo.py
[2026-09-28T00:58:32.614+0000] {processor.py:809} INFO - DAG(s) dict_keys(['cobertura_pipeline']) retrieved from /opt/airflow/dags/1_dag_flujo.py
[2026-09-28T00:58:32.687+0000] {logging_mixin.py:149} INFO - [2026-09-28T00:58:32.687+0000] {dag.py:2726} INFO - Sync 1 DAGs
[2026-09-28T00:58:32.757+0000] {logging_mixin.py:149} INFO - [2026-09-28T00:58:32.757+0000] {dag.py:3490} INFO - Setting next_dagrun for cobertura_pipeline to 2026-09-28T00:56:53.050674+00:00, run_after=2026-09-28T01:02:53.050674+00:00
[2026-09-28T00:58:32.818+0000] {processor.py:178} INFO - Processing /opt/airflow/dags/1_dag_flujo.py took 0.357 seconds
[2026-09-28T00:59:03.105+0000] {processor.py:156} INFO - Started process (PID=250) to work on /opt/airflow/dags/1_dag_flujo.py
[2026-09-28T00:59:03.112+0000] {processor.py:799} INFO - Processing file /opt/airflow/dags/1_dag_flujo.py for tasks to queue
[2026-09-28T00:59:03.113+0000] {logging_mixin.py:149} INFO - [2026-09-28T00:59:03.113+0000] {dagbag.py:541} INFO - Filling up the DagBag from /opt/airflow/dags/1_dag_flujo.py
[2026-09-28T00:59:03.352+0000] {processor.py:809} INFO - DAG(s) dict_keys(['cobertura_pipeline']) retrieved from /opt/airflow/dags/1_dag_flujo.py
[2026-09-28T00:59:03.456+0000] {logging_mixin.py:149} INFO - [2026-09-28T00:59:03.455+0000] {dag.py:2726} INFO - Sync 1 DAGs
[2026-09-28T00:59:03.491+0000] {logging_mixin.py:149} INFO - [2026-09-28T00:59:03.491+0000] {dag.py:3490} INFO - Setting next_dagrun for cobertura_pipeline to 2026-09-28T00:56:53.050674+00:00, run_after=2026-09-28T01:02:53.050674+00:00
[2026-09-28T00:59:03.520+0000] {processor.py:178} INFO - Processing /opt/airflow/dags/1_dag_flujo.py took 0.420 seconds
[2026-09-28T00:59:33.804+0000] {processor.py:156} INFO - Started process (PID=264) to work on /opt/airflow/dags/1_dag_flujo.py
[2026-09-28T00:59:33.810+0000] {processor.py:799} INFO - Processing file /opt/airflow/dags/1_dag_flujo.py for tasks to queue
[2026-09-28T00:59:33.813+0000] {logging_mixin.py:149} INFO - [2026-09-28T00:59:33.812+0000] {dagbag.py:541} INFO - Filling up the DagBag from /opt/airflow/dags/1_dag_flujo.py
[2026-09-28T00:59:33.984+0000] {processor.py:809} INFO - DAG(s) dict_keys(['cobertura_pipeline']) retrieved from /opt/airflow/dags/1_dag_flujo.py
[2026-09-28T00:59:34.029+0000] {logging_mixin.py:149} INFO - [2026-09-28T00:59:34.028+0000] {dag.py:2726} INFO - Sync 1 DAGs
[2026-09-28T00:59:34.091+0000] {logging_mixin.py:149} INFO - [2026-09-28T00:59:34.090+0000] {dag.py:3490} INFO - Setting next_dagrun for cobertura_pipeline to 2026-09-28T00:56:53.050674+00:00, run_after=2026-09-28T01:02:53.050674+00:00
[2026-09-28T00:59:34.151+0000] {processor.py:178} INFO - Processing /opt/airflow/dags/1_dag_flujo.py took 0.357 seconds
[2026-09-28T01:00:04.460+0000] {processor.py:156} INFO - Started process (PID=273) to work on /opt/airflow/dags/1_dag_flujo.py
[2026-09-28T01:00:04.466+0000] {processor.py:799} INFO - Processing file /opt/airflow/dags/1_dag_flujo.py for tasks to queue
[2026-09-28T01:00:04.468+0000] {logging_mixin.py:149} INFO - [2026-09-28T01:00:04.467+0000] {dagbag.py:541} INFO - Filling up the DagBag from /opt/airflow/dags/1_dag_flujo.py
[2026-09-28T01:00:04.597+0000] {processor.py:809} INFO - DAG(s) dict_keys(['cobertura_pipeline']) retrieved from /opt/airflow/dags/1_dag_flujo.py
[2026-09-28T01:00:04.661+0000] {logging_mixin.py:149} INFO - [2026-09-28T01:00:04.661+0000] {dag.py:2726} INFO - Sync 1 DAGs
[2026-09-28T01:00:04.722+0000] {logging_mixin.py:149} INFO - [2026-09-28T01:00:04.722+0000] {dag.py:3490} INFO - Setting next_dagrun for cobertura_pipeline to 2026-09-28T00:56:53.050674+00:00, run_after=2026-09-28T01:02:53.050674+00:00
[2026-09-28T01:00:04.783+0000] {processor.py:178} INFO - Processing /opt/airflow/dags/1_dag_flujo.py took 0.337 seconds
[2026-09-28T01:00:35.068+0000] {processor.py:156} INFO - Started process (PID=281) to work on /opt/airflow/dags/1_dag_flujo.py
[2026-09-28T01:00:35.072+0000] {processor.py:799} INFO - Processing file /opt/airflow/dags/1_dag_flujo.py for tasks to queue
[2026-09-28T01:00:35.074+0000] {logging_mixin.py:149} INFO - [2026-09-28T01:00:35.074+0000] {dagbag.py:541} INFO - Filling up the DagBag from /opt/airflow/dags/1_dag_flujo.py
[2026-09-28T01:00:35.201+0000] {processor.py:809} INFO - DAG(s) dict_keys(['cobertura_pipeline']) retrieved from /opt/airflow/dags/1_dag_flujo.py
[2026-09-28T01:00:35.262+0000] {logging_mixin.py:149} INFO - [2026-09-28T01:00:35.261+0000] {dag.py:2726} INFO - Sync 1 DAGs
[2026-09-28T01:00:35.315+0000] {logging_mixin.py:149} INFO - [2026-09-28T01:00:35.315+0000] {dag.py:3490} INFO - Setting next_dagrun for cobertura_pipeline to 2026-09-28T00:56:53.050674+00:00, run_after=2026-09-28T01:02:53.050674+00:00
[2026-09-28T01:00:35.369+0000] {processor.py:178} INFO - Processing /opt/airflow/dags/1_dag_flujo.py took 0.313 seconds
[2026-09-28T01:01:05.671+0000] {processor.py:156} INFO - Started process (PID=289) to work on /opt/airflow/dags/1_dag_flujo.py
[2026-09-28T01:01:05.674+0000] {processor.py:799} INFO - Processing file /opt/airflow/dags/1_dag_flujo.py for tasks to queue
[2026-09-28T01:01:05.678+0000] {logging_mixin.py:149} INFO - [2026-09-28T01:01:05.677+0000] {dagbag.py:541} INFO - Filling up the DagBag from /opt/airflow/dags/1_dag_flujo.py
[2026-09-28T01:01:05.874+0000] {processor.py:809} INFO - DAG(s) dict_keys(['cobertura_pipeline']) retrieved from /opt/airflow/dags/1_dag_flujo.py
[2026-09-28T01:01:05.970+0000] {logging_mixin.py:149} INFO - [2026-09-28T01:01:05.969+0000] {dag.py:2726} INFO - Sync 1 DAGs
[2026-09-28T01:01:06.064+0000] {logging_mixin.py:149} INFO - [2026-09-28T01:01:06.064+0000] {dag.py:3490} INFO - Setting next_dagrun for cobertura_pipeline to 2026-09-28T00:56:53.050674+00:00, run_after=2026-09-28T01:02:53.050674+00:00
[2026-09-28T01:01:06.132+0000] {processor.py:178} INFO - Processing /opt/airflow/dags/1_dag_flujo.py took 0.466 seconds
[2026-09-28T01:01:36.491+0000] {processor.py:156} INFO - Started process (PID=297) to work on /opt/airflow/dags/1_dag_flujo.py
[2026-09-28T01:01:36.495+0000] {processor.py:799} INFO - Processing file /opt/airflow/dags/1_dag_flujo.py for tasks to queue
[2026-09-28T01:01:36.497+0000] {logging_mixin.py:149} INFO - [2026-09-28T01:01:36.497+0000] {dagbag.py:541} INFO - Filling up the DagBag from /opt/airflow/dags/1_dag_flujo.py
[2026-09-28T01:01:36.622+0000] {processor.py:809} INFO - DAG(s) dict_keys(['cobertura_pipeline']) retrieved from /opt/airflow/dags/1_dag_flujo.py
[2026-09-28T01:01:36.685+0000] {logging_mixin.py:149} INFO - [2026-09-28T01:01:36.684+0000] {dag.py:2726} INFO - Sync 1 DAGs
[2026-09-28T01:01:36.746+0000] {logging_mixin.py:149} INFO - [2026-09-28T01:01:36.746+0000] {dag.py:3490} INFO - Setting next_dagrun for cobertura_pipeline to 2026-09-28T00:56:53.050674+00:00, run_after=2026-09-28T01:02:53.050674+00:00
[2026-09-28T01:01:36.809+0000] {processor.py:178} INFO - Processing /opt/airflow/dags/1_dag_flujo.py took 0.328 seconds
[2026-09-28T01:02:07.136+0000] {processor.py:156} INFO - Started process (PID=305) to work on /opt/airflow/dags/1_dag_flujo.py
[2026-09-28T01:02:07.140+0000] {processor.py:799} INFO - Processing file /opt/airflow/dags/1_dag_flujo.py for tasks to queue
[2026-09-28T01:02:07.142+0000] {logging_mixin.py:149} INFO - [2026-09-28T01:02:07.141+0000] {dagbag.py:541} INFO - Filling up the DagBag from /opt/airflow/dags/1_dag_flujo.py
[2026-09-28T01:02:07.314+0000] {processor.py:809} INFO - DAG(s) dict_keys(['cobertura_pipeline']) retrieved from /opt/airflow/dags/1_dag_flujo.py
[2026-09-28T01:02:07.402+0000] {logging_mixin.py:149} INFO - [2026-09-28T01:02:07.401+0000] {dag.py:2726} INFO - Sync 1 DAGs
[2026-09-28T01:02:07.464+0000] {logging_mixin.py:149} INFO - [2026-09-28T01:02:07.464+0000] {dag.py:3490} INFO - Setting next_dagrun for cobertura_pipeline to 2026-09-28T00:56:53.050674+00:00, run_after=2026-09-28T01:02:53.050674+00:00
[2026-09-28T01:02:07.529+0000] {processor.py:178} INFO - Processing /opt/airflow/dags/1_dag_flujo.py took 0.404 seconds
[2026-09-28T01:02:37.845+0000] {processor.py:156} INFO - Started process (PID=313) to work on /opt/airflow/dags/1_dag_flujo.py
[2026-09-28T01:02:37.849+0000] {processor.py:799} INFO - Processing file /opt/airflow/dags/1_dag_flujo.py for tasks to queue
[2026-09-28T01:02:37.851+0000] {logging_mixin.py:149} INFO - [2026-09-28T01:02:37.851+0000] {dagbag.py:541} INFO - Filling up the DagBag from /opt/airflow/dags/1_dag_flujo.py
[2026-09-28T01:02:37.983+0000] {processor.py:809} INFO - DAG(s) dict_keys(['cobertura_pipeline']) retrieved from /opt/airflow/dags/1_dag_flujo.py
[2026-09-28T01:02:38.063+0000] {logging_mixin.py:149} INFO - [2026-09-28T01:02:38.063+0000] {dag.py:2726} INFO - Sync 1 DAGs
[2026-09-28T01:02:38.138+0000] {logging_mixin.py:149} INFO - [2026-09-28T01:02:38.137+0000] {dag.py:3490} INFO - Setting next_dagrun for cobertura_pipeline to 2026-09-28T00:56:53.050674+00:00, run_after=2026-09-28T01:02:53.050674+00:00
[2026-09-28T01:02:38.209+0000] {processor.py:178} INFO - Processing /opt/airflow/dags/1_dag_flujo.py took 0.376 seconds
[2026-09-28T01:03:08.509+0000] {processor.py:156} INFO - Started process (PID=320) to work on /opt/airflow/dags/1_dag_flujo.py
[2026-09-28T01:03:08.515+0000] {processor.py:799} INFO - Processing file /opt/airflow/dags/1_dag_flujo.py for tasks to queue
[2026-09-28T01:03:08.517+0000] {logging_mixin.py:149} INFO - [2026-09-28T01:03:08.517+0000] {dagbag.py:541} INFO - Filling up the DagBag from /opt/airflow/dags/1_dag_flujo.py
[2026-09-28T01:03:08.687+0000] {processor.py:809} INFO - DAG(s) dict_keys(['cobertura_pipeline']) retrieved from /opt/airflow/dags/1_dag_flujo.py
[2026-09-28T01:03:08.753+0000] {logging_mixin.py:149} INFO - [2026-09-28T01:03:08.753+0000] {dag.py:2726} INFO - Sync 1 DAGs
[2026-09-28T01:03:08.811+0000] {logging_mixin.py:149} INFO - [2026-09-28T01:03:08.810+0000] {dag.py:3490} INFO - Setting next_dagrun for cobertura_pipeline to 2026-09-28T01:02:53.050674+00:00, run_after=2026-09-28T01:08:53.050674+00:00
[2026-09-28T01:03:08.888+0000] {processor.py:178} INFO - Processing /opt/airflow/dags/1_dag_flujo.py took 0.390 seconds
[2026-09-28T01:03:39.183+0000] {processor.py:156} INFO - Started process (PID=328) to work on /opt/airflow/dags/1_dag_flujo.py
[2026-09-28T01:03:39.188+0000] {processor.py:799} INFO - Processing file /opt/airflow/dags/1_dag_flujo.py for tasks to queue
[2026-09-28T01:03:39.190+0000] {logging_mixin.py:149} INFO - [2026-09-28T01:03:39.190+0000] {dagbag.py:541} INFO - Filling up the DagBag from /opt/airflow/dags/1_dag_flujo.py
[2026-09-28T01:03:39.371+0000] {processor.py:809} INFO - DAG(s) dict_keys(['cobertura_pipeline']) retrieved from /opt/airflow/dags/1_dag_flujo.py
[2026-09-28T01:03:39.452+0000] {logging_mixin.py:149} INFO - [2026-09-28T01:03:39.451+0000] {dag.py:2726} INFO - Sync 1 DAGs
[2026-09-28T01:03:39.513+0000] {logging_mixin.py:149} INFO - [2026-09-28T01:03:39.513+0000] {dag.py:3490} INFO - Setting next_dagrun for cobertura_pipeline to 2026-09-28T01:02:53.050674+00:00, run_after=2026-09-28T01:08:53.050674+00:00
[2026-09-28T01:03:39.550+0000] {processor.py:178} INFO - Processing /opt/airflow/dags/1_dag_flujo.py took 0.382 seconds
[2026-09-28T01:04:09.846+0000] {processor.py:156} INFO - Started process (PID=336) to work on /opt/airflow/dags/1_dag_flujo.py
[2026-09-28T01:04:09.850+0000] {processor.py:799} INFO - Processing file /opt/airflow/dags/1_dag_flujo.py for tasks to queue
[2026-09-28T01:04:09.851+0000] {logging_mixin.py:149} INFO - [2026-09-28T01:04:09.851+0000] {dagbag.py:541} INFO - Filling up the DagBag from /opt/airflow/dags/1_dag_flujo.py
[2026-09-28T01:04:09.980+0000] {processor.py:809} INFO - DAG(s) dict_keys(['cobertura_pipeline']) retrieved from /opt/airflow/dags/1_dag_flujo.py
[2026-09-28T01:04:10.018+0000] {logging_mixin.py:149} INFO - [2026-09-28T01:04:10.018+0000] {dag.py:2726} INFO - Sync 1 DAGs
[2026-09-28T01:04:10.060+0000] {logging_mixin.py:149} INFO - [2026-09-28T01:04:10.059+0000] {dag.py:3490} INFO - Setting next_dagrun for cobertura_pipeline to 2026-09-28T01:02:53.050674+00:00, run_after=2026-09-28T01:08:53.050674+00:00
[2026-09-28T01:04:10.134+0000] {processor.py:178} INFO - Processing /opt/airflow/dags/1_dag_flujo.py took 0.298 seconds
[2026-09-28T01:04:40.426+0000] {processor.py:156} INFO - Started process (PID=344) to work on /opt/airflow/dags/1_dag_flujo.py
[2026-09-28T01:04:40.434+0000] {processor.py:799} INFO - Processing file /opt/airflow/dags/1_dag_flujo.py for tasks to queue
[2026-09-28T01:04:40.436+0000] {logging_mixin.py:149} INFO - [2026-09-28T01:04:40.436+0000] {dagbag.py:541} INFO - Filling up the DagBag from /opt/airflow/dags/1_dag_flujo.py
[2026-09-28T01:04:40.663+0000] {processor.py:809} INFO - DAG(s) dict_keys(['cobertura_pipeline']) retrieved from /opt/airflow/dags/1_dag_flujo.py
[2026-09-28T01:04:40.758+0000] {logging_mixin.py:149} INFO - [2026-09-28T01:04:40.757+0000] {dag.py:2726} INFO - Sync 1 DAGs
[2026-09-28T01:04:40.817+0000] {logging_mixin.py:149} INFO - [2026-09-28T01:04:40.816+0000] {dag.py:3490} INFO - Setting next_dagrun for cobertura_pipeline to 2026-09-28T01:02:53.050674+00:00, run_after=2026-09-28T01:08:53.050674+00:00
[2026-09-28T01:04:40.891+0000] {processor.py:178} INFO - Processing /opt/airflow/dags/1_dag_flujo.py took 0.477 seconds
[2026-09-28T01:05:11.212+0000] {processor.py:156} INFO - Started process (PID=352) to work on /opt/airflow/dags/1_dag_flujo.py
[2026-09-28T01:05:11.215+0000] {processor.py:799} INFO - Processing file /opt/airflow/dags/1_dag_flujo.py for tasks to queue
[2026-09-28T01:05:11.217+0000] {logging_mixin.py:149} INFO - [2026-09-28T01:05:11.217+0000] {dagbag.py:541} INFO - Filling up the DagBag from /opt/airflow/dags/1_dag_flujo.py
[2026-09-28T01:05:11.504+0000] {processor.py:809} INFO - DAG(s) dict_keys(['cobertura_pipeline']) retrieved from /opt/airflow/dags/1_dag_flujo.py
[2026-09-28T01:05:11.563+0000] {logging_mixin.py:149} INFO - [2026-09-28T01:05:11.562+0000] {dag.py:2726} INFO - Sync 1 DAGs
[2026-09-28T01:05:11.617+0000] {logging_mixin.py:149} INFO - [2026-09-28T01:05:11.616+0000] {dag.py:3490} INFO - Setting next_dagrun for cobertura_pipeline to 2026-09-28T01:02:53.050674+00:00, run_after=2026-09-28T01:08:53.050674+00:00
[2026-09-28T01:05:11.683+0000] {processor.py:178} INFO - Processing /opt/airflow/dags/1_dag_flujo.py took 0.486 seconds
[2026-09-28T01:05:41.933+0000] {processor.py:156} INFO - Started process (PID=360) to work on /opt/airflow/dags/1_dag_flujo.py
[2026-09-28T01:05:41.937+0000] {processor.py:799} INFO - Processing file /opt/airflow/dags/1_dag_flujo.py for tasks to queue
[2026-09-28T01:05:41.939+0000] {logging_mixin.py:149} INFO - [2026-09-28T01:05:41.939+0000] {dagbag.py:541} INFO - Filling up the DagBag from /opt/airflow/dags/1_dag_flujo.py
[2026-09-28T01:05:42.092+0000] {processor.py:809} INFO - DAG(s) dict_keys(['cobertura_pipeline']) retrieved from /opt/airflow/dags/1_dag_flujo.py
[2026-09-28T01:05:42.236+0000] {logging_mixin.py:149} INFO - [2026-09-28T01:05:42.235+0000] {dag.py:2726} INFO - Sync 1 DAGs
[2026-09-28T01:05:42.305+0000] {logging_mixin.py:149} INFO - [2026-09-28T01:05:42.305+0000] {dag.py:3490} INFO - Setting next_dagrun for cobertura_pipeline to 2026-09-28T01:02:53.050674+00:00, run_after=2026-09-28T01:08:53.050674+00:00
[2026-09-28T01:05:42.375+0000] {processor.py:178} INFO - Processing /opt/airflow/dags/1_dag_flujo.py took 0.452 seconds
[2026-09-28T01:06:12.691+0000] {processor.py:156} INFO - Started process (PID=368) to work on /opt/airflow/dags/1_dag_flujo.py
[2026-09-28T01:06:12.695+0000] {processor.py:799} INFO - Processing file /opt/airflow/dags/1_dag_flujo.py for tasks to queue
[2026-09-28T01:06:12.697+0000] {logging_mixin.py:149} INFO - [2026-09-28T01:06:12.696+0000] {dagbag.py:541} INFO - Filling up the DagBag from /opt/airflow/dags/1_dag_flujo.py
[2026-09-28T01:06:12.826+0000] {processor.py:809} INFO - DAG(s) dict_keys(['cobertura_pipeline']) retrieved from /opt/airflow/dags/1_dag_flujo.py
[2026-09-28T01:06:12.886+0000] {logging_mixin.py:149} INFO - [2026-09-28T01:06:12.885+0000] {dag.py:2726} INFO - Sync 1 DAGs
[2026-09-28T01:06:12.949+0000] {logging_mixin.py:149} INFO - [2026-09-28T01:06:12.949+0000] {dag.py:3490} INFO - Setting next_dagrun for cobertura_pipeline to 2026-09-28T01:02:53.050674+00:00, run_after=2026-09-28T01:08:53.050674+00:00
[2026-09-28T01:06:13.009+0000] {processor.py:178} INFO - Processing /opt/airflow/dags/1_dag_flujo.py took 0.331 seconds
[2026-09-28T01:06:43.288+0000] {processor.py:156} INFO - Started process (PID=377) to work on /opt/airflow/dags/1_dag_flujo.py
[2026-09-28T01:06:43.293+0000] {processor.py:799} INFO - Processing file /opt/airflow/dags/1_dag_flujo.py for tasks to queue
[2026-09-28T01:06:43.294+0000] {logging_mixin.py:149} INFO - [2026-09-28T01:06:43.294+0000] {dagbag.py:541} INFO - Filling up the DagBag from /opt/airflow/dags/1_dag_flujo.py
[2026-09-28T01:06:43.393+0000] {processor.py:809} INFO - DAG(s) dict_keys(['cobertura_pipeline']) retrieved from /opt/airflow/dags/1_dag_flujo.py
[2026-09-28T01:06:43.479+0000] {logging_mixin.py:149} INFO - [2026-09-28T01:06:43.479+0000] {dag.py:2726} INFO - Sync 1 DAGs
[2026-09-28T01:06:43.568+0000] {logging_mixin.py:149} INFO - [2026-09-28T01:06:43.567+0000] {dag.py:3490} INFO - Setting next_dagrun for cobertura_pipeline to 2026-09-28T01:02:53.050674+00:00, run_after=2026-09-28T01:08:53.050674+00:00
[2026-09-28T01:06:43.628+0000] {processor.py:178} INFO - Processing /opt/airflow/dags/1_dag_flujo.py took 0.345 seconds
[2026-09-28T01:07:36.744+0000] {processor.py:156} INFO - Started process (PID=48) to work on /opt/airflow/dags/1_dag_flujo.py
[2026-09-28T01:07:36.750+0000] {processor.py:799} INFO - Processing file /opt/airflow/dags/1_dag_flujo.py for tasks to queue
[2026-09-28T01:07:36.751+0000] {logging_mixin.py:149} INFO - [2026-09-28T01:07:36.751+0000] {dagbag.py:541} INFO - Filling up the DagBag from /opt/airflow/dags/1_dag_flujo.py
[2026-09-28T01:07:37.149+0000] {processor.py:809} INFO - DAG(s) dict_keys(['cobertura_pipeline']) retrieved from /opt/airflow/dags/1_dag_flujo.py
[2026-09-28T01:07:37.289+0000] {logging_mixin.py:149} INFO - [2026-09-28T01:07:37.289+0000] {dag.py:2726} INFO - Sync 1 DAGs
[2026-09-28T01:07:37.349+0000] {logging_mixin.py:149} INFO - [2026-09-28T01:07:37.348+0000] {dag.py:3490} INFO - Setting next_dagrun for cobertura_pipeline to 2026-09-28T01:02:53.050674+00:00, run_after=2026-09-28T01:08:53.050674+00:00
[2026-09-28T01:07:37.411+0000] {processor.py:178} INFO - Processing /opt/airflow/dags/1_dag_flujo.py took 0.679 seconds
[2026-09-28T01:08:08.011+0000] {processor.py:156} INFO - Started process (PID=56) to work on /opt/airflow/dags/1_dag_flujo.py
[2026-09-28T01:08:08.014+0000] {processor.py:799} INFO - Processing file /opt/airflow/dags/1_dag_flujo.py for tasks to queue
[2026-09-28T01:08:08.017+0000] {logging_mixin.py:149} INFO - [2026-09-28T01:08:08.016+0000] {dagbag.py:541} INFO - Filling up the DagBag from /opt/airflow/dags/1_dag_flujo.py
[2026-09-28T01:08:08.149+0000] {processor.py:809} INFO - DAG(s) dict_keys(['cobertura_pipeline']) retrieved from /opt/airflow/dags/1_dag_flujo.py
[2026-09-28T01:08:08.190+0000] {logging_mixin.py:149} INFO - [2026-09-28T01:08:08.190+0000] {dag.py:2726} INFO - Sync 1 DAGs
[2026-09-28T01:08:08.234+0000] {logging_mixin.py:149} INFO - [2026-09-28T01:08:08.234+0000] {dag.py:3490} INFO - Setting next_dagrun for cobertura_pipeline to 2026-09-28T01:02:53.050674+00:00, run_after=2026-09-28T01:08:53.050674+00:00
[2026-09-28T01:08:08.272+0000] {processor.py:178} INFO - Processing /opt/airflow/dags/1_dag_flujo.py took 0.273 seconds
[2026-09-28T01:08:38.372+0000] {processor.py:156} INFO - Started process (PID=64) to work on /opt/airflow/dags/1_dag_flujo.py
[2026-09-28T01:08:38.374+0000] {processor.py:799} INFO - Processing file /opt/airflow/dags/1_dag_flujo.py for tasks to queue
[2026-09-28T01:08:38.376+0000] {logging_mixin.py:149} INFO - [2026-09-28T01:08:38.375+0000] {dagbag.py:541} INFO - Filling up the DagBag from /opt/airflow/dags/1_dag_flujo.py
[2026-09-28T01:08:38.513+0000] {processor.py:809} INFO - DAG(s) dict_keys(['cobertura_pipeline']) retrieved from /opt/airflow/dags/1_dag_flujo.py
[2026-09-28T01:08:38.710+0000] {logging_mixin.py:149} INFO - [2026-09-28T01:08:38.709+0000] {dag.py:2726} INFO - Sync 1 DAGs
[2026-09-28T01:08:38.734+0000] {logging_mixin.py:149} INFO - [2026-09-28T01:08:38.733+0000] {dag.py:2747} INFO - Creating ORM DAG for cobertura_pipeline
[2026-09-28T01:08:38.755+0000] {logging_mixin.py:149} INFO - [2026-09-28T01:08:38.754+0000] {dag.py:3490} INFO - Setting next_dagrun for cobertura_pipeline to 2026-09-28T01:02:38.754520+00:00, run_after=2026-09-28T01:08:38.754520+00:00
[2026-09-28T01:08:38.796+0000] {processor.py:178} INFO - Processing /opt/airflow/dags/1_dag_flujo.py took 0.430 seconds
[2026-09-28T01:09:09.104+0000] {processor.py:156} INFO - Started process (PID=72) to work on /opt/airflow/dags/1_dag_flujo.py
[2026-09-28T01:09:09.107+0000] {processor.py:799} INFO - Processing file /opt/airflow/dags/1_dag_flujo.py for tasks to queue
[2026-09-28T01:09:09.109+0000] {logging_mixin.py:149} INFO - [2026-09-28T01:09:09.109+0000] {dagbag.py:541} INFO - Filling up the DagBag from /opt/airflow/dags/1_dag_flujo.py
[2026-09-28T01:09:09.241+0000] {processor.py:809} INFO - DAG(s) dict_keys(['cobertura_pipeline']) retrieved from /opt/airflow/dags/1_dag_flujo.py
[2026-09-28T01:09:09.318+0000] {logging_mixin.py:149} INFO - [2026-09-28T01:09:09.317+0000] {dag.py:2726} INFO - Sync 1 DAGs
[2026-09-28T01:09:09.383+0000] {logging_mixin.py:149} INFO - [2026-09-28T01:09:09.382+0000] {dag.py:3490} INFO - Setting next_dagrun for cobertura_pipeline to 2026-09-28T01:03:09.382044+00:00, run_after=2026-09-28T01:09:09.382044+00:00
[2026-09-28T01:09:09.441+0000] {processor.py:178} INFO - Processing /opt/airflow/dags/1_dag_flujo.py took 0.348 seconds
[2026-09-28T01:09:39.793+0000] {processor.py:156} INFO - Started process (PID=80) to work on /opt/airflow/dags/1_dag_flujo.py
[2026-09-28T01:09:39.798+0000] {processor.py:799} INFO - Processing file /opt/airflow/dags/1_dag_flujo.py for tasks to queue
[2026-09-28T01:09:39.801+0000] {logging_mixin.py:149} INFO - [2026-09-28T01:09:39.801+0000] {dagbag.py:541} INFO - Filling up the DagBag from /opt/airflow/dags/1_dag_flujo.py
[2026-09-28T01:09:39.929+0000] {processor.py:809} INFO - DAG(s) dict_keys(['cobertura_pipeline']) retrieved from /opt/airflow/dags/1_dag_flujo.py
[2026-09-28T01:09:40.010+0000] {logging_mixin.py:149} INFO - [2026-09-28T01:09:40.009+0000] {dag.py:2726} INFO - Sync 1 DAGs
[2026-09-28T01:09:40.074+0000] {logging_mixin.py:149} INFO - [2026-09-28T01:09:40.073+0000] {dag.py:3490} INFO - Setting next_dagrun for cobertura_pipeline to 2026-09-28T01:09:09.382044+00:00, run_after=2026-09-28T01:15:09.382044+00:00
[2026-09-28T01:09:40.139+0000] {processor.py:178} INFO - Processing /opt/airflow/dags/1_dag_flujo.py took 0.362 seconds
[2026-09-28T01:10:10.450+0000] {processor.py:156} INFO - Started process (PID=87) to work on /opt/airflow/dags/1_dag_flujo.py
[2026-09-28T01:10:10.454+0000] {processor.py:799} INFO - Processing file /opt/airflow/dags/1_dag_flujo.py for tasks to queue
[2026-09-28T01:10:10.456+0000] {logging_mixin.py:149} INFO - [2026-09-28T01:10:10.455+0000] {dagbag.py:541} INFO - Filling up the DagBag from /opt/airflow/dags/1_dag_flujo.py
[2026-09-28T01:10:10.632+0000] {processor.py:809} INFO - DAG(s) dict_keys(['cobertura_pipeline']) retrieved from /opt/airflow/dags/1_dag_flujo.py
[2026-09-28T01:10:10.719+0000] {logging_mixin.py:149} INFO - [2026-09-28T01:10:10.719+0000] {dag.py:2726} INFO - Sync 1 DAGs
[2026-09-28T01:10:10.783+0000] {logging_mixin.py:149} INFO - [2026-09-28T01:10:10.782+0000] {dag.py:3490} INFO - Setting next_dagrun for cobertura_pipeline to 2026-09-28T01:09:09.382044+00:00, run_after=2026-09-28T01:15:09.382044+00:00
[2026-09-28T01:10:10.840+0000] {processor.py:178} INFO - Processing /opt/airflow/dags/1_dag_flujo.py took 0.402 seconds
[2026-09-28T01:10:41.132+0000] {processor.py:156} INFO - Started process (PID=95) to work on /opt/airflow/dags/1_dag_flujo.py
[2026-09-28T01:10:41.140+0000] {processor.py:799} INFO - Processing file /opt/airflow/dags/1_dag_flujo.py for tasks to queue
[2026-09-28T01:10:41.143+0000] {logging_mixin.py:149} INFO - [2026-09-28T01:10:41.142+0000] {dagbag.py:541} INFO - Filling up the DagBag from /opt/airflow/dags/1_dag_flujo.py
[2026-09-28T01:10:41.270+0000] {processor.py:809} INFO - DAG(s) dict_keys(['cobertura_pipeline']) retrieved from /opt/airflow/dags/1_dag_flujo.py
[2026-09-28T01:10:41.331+0000] {logging_mixin.py:149} INFO - [2026-09-28T01:10:41.331+0000] {dag.py:2726} INFO - Sync 1 DAGs
[2026-09-28T01:10:41.385+0000] {logging_mixin.py:149} INFO - [2026-09-28T01:10:41.384+0000] {dag.py:3490} INFO - Setting next_dagrun for cobertura_pipeline to 2026-09-28T01:09:09.382044+00:00, run_after=2026-09-28T01:15:09.382044+00:00
[2026-09-28T01:10:41.432+0000] {processor.py:178} INFO - Processing /opt/airflow/dags/1_dag_flujo.py took 0.308 seconds
[2026-09-28T01:11:11.711+0000] {processor.py:156} INFO - Started process (PID=103) to work on /opt/airflow/dags/1_dag_flujo.py
[2026-09-28T01:11:11.714+0000] {processor.py:799} INFO - Processing file /opt/airflow/dags/1_dag_flujo.py for tasks to queue
[2026-09-28T01:11:11.716+0000] {logging_mixin.py:149} INFO - [2026-09-28T01:11:11.715+0000] {dagbag.py:541} INFO - Filling up the DagBag from /opt/airflow/dags/1_dag_flujo.py
[2026-09-28T01:11:11.839+0000] {processor.py:809} INFO - DAG(s) dict_keys(['cobertura_pipeline']) retrieved from /opt/airflow/dags/1_dag_flujo.py
[2026-09-28T01:11:11.899+0000] {logging_mixin.py:149} INFO - [2026-09-28T01:11:11.898+0000] {dag.py:2726} INFO - Sync 1 DAGs
[2026-09-28T01:11:11.957+0000] {logging_mixin.py:149} INFO - [2026-09-28T01:11:11.957+0000] {dag.py:3490} INFO - Setting next_dagrun for cobertura_pipeline to 2026-09-28T01:09:09.382044+00:00, run_after=2026-09-28T01:15:09.382044+00:00
[2026-09-28T01:11:12.020+0000] {processor.py:178} INFO - Processing /opt/airflow/dags/1_dag_flujo.py took 0.322 seconds
[2026-09-28T01:11:42.329+0000] {processor.py:156} INFO - Started process (PID=111) to work on /opt/airflow/dags/1_dag_flujo.py
[2026-09-28T01:11:42.333+0000] {processor.py:799} INFO - Processing file /opt/airflow/dags/1_dag_flujo.py for tasks to queue
[2026-09-28T01:11:42.334+0000] {logging_mixin.py:149} INFO - [2026-09-28T01:11:42.334+0000] {dagbag.py:541} INFO - Filling up the DagBag from /opt/airflow/dags/1_dag_flujo.py
[2026-09-28T01:11:42.459+0000] {processor.py:809} INFO - DAG(s) dict_keys(['cobertura_pipeline']) retrieved from /opt/airflow/dags/1_dag_flujo.py
[2026-09-28T01:11:42.521+0000] {logging_mixin.py:149} INFO - [2026-09-28T01:11:42.521+0000] {dag.py:2726} INFO - Sync 1 DAGs
[2026-09-28T01:11:42.580+0000] {logging_mixin.py:149} INFO - [2026-09-28T01:11:42.580+0000] {dag.py:3490} INFO - Setting next_dagrun for cobertura_pipeline to 2026-09-28T01:09:09.382044+00:00, run_after=2026-09-28T01:15:09.382044+00:00
[2026-09-28T01:11:42.637+0000] {processor.py:178} INFO - Processing /opt/airflow/dags/1_dag_flujo.py took 0.318 seconds
[2026-09-28T01:12:12.929+0000] {processor.py:156} INFO - Started process (PID=119) to work on /opt/airflow/dags/1_dag_flujo.py
[2026-09-28T01:12:12.936+0000] {processor.py:799} INFO - Processing file /opt/airflow/dags/1_dag_flujo.py for tasks to queue
[2026-09-28T01:12:12.939+0000] {logging_mixin.py:149} INFO - [2026-09-28T01:12:12.938+0000] {dagbag.py:541} INFO - Filling up the DagBag from /opt/airflow/dags/1_dag_flujo.py
[2026-09-28T01:12:13.085+0000] {processor.py:809} INFO - DAG(s) dict_keys(['cobertura_pipeline']) retrieved from /opt/airflow/dags/1_dag_flujo.py
[2026-09-28T01:12:13.165+0000] {logging_mixin.py:149} INFO - [2026-09-28T01:12:13.164+0000] {dag.py:2726} INFO - Sync 1 DAGs
[2026-09-28T01:12:13.234+0000] {logging_mixin.py:149} INFO - [2026-09-28T01:12:13.233+0000] {dag.py:3490} INFO - Setting next_dagrun for cobertura_pipeline to 2026-09-28T01:09:09.382044+00:00, run_after=2026-09-28T01:15:09.382044+00:00
[2026-09-28T01:12:13.295+0000] {processor.py:178} INFO - Processing /opt/airflow/dags/1_dag_flujo.py took 0.377 seconds
[2026-09-28T01:12:43.595+0000] {processor.py:156} INFO - Started process (PID=127) to work on /opt/airflow/dags/1_dag_flujo.py
[2026-09-28T01:12:43.599+0000] {processor.py:799} INFO - Processing file /opt/airflow/dags/1_dag_flujo.py for tasks to queue
[2026-09-28T01:12:43.601+0000] {logging_mixin.py:149} INFO - [2026-09-28T01:12:43.601+0000] {dagbag.py:541} INFO - Filling up the DagBag from /opt/airflow/dags/1_dag_flujo.py
[2026-09-28T01:12:43.731+0000] {processor.py:809} INFO - DAG(s) dict_keys(['cobertura_pipeline']) retrieved from /opt/airflow/dags/1_dag_flujo.py
[2026-09-28T01:12:43.775+0000] {logging_mixin.py:149} INFO - [2026-09-28T01:12:43.775+0000] {dag.py:2726} INFO - Sync 1 DAGs
[2026-09-28T01:12:43.808+0000] {logging_mixin.py:149} INFO - [2026-09-28T01:12:43.808+0000] {dag.py:3490} INFO - Setting next_dagrun for cobertura_pipeline to 2026-09-28T01:09:09.382044+00:00, run_after=2026-09-28T01:15:09.382044+00:00
[2026-09-28T01:12:43.882+0000] {processor.py:178} INFO - Processing /opt/airflow/dags/1_dag_flujo.py took 0.298 seconds
[2026-09-28T01:13:14.190+0000] {processor.py:156} INFO - Started process (PID=136) to work on /opt/airflow/dags/1_dag_flujo.py
[2026-09-28T01:13:14.193+0000] {processor.py:799} INFO - Processing file /opt/airflow/dags/1_dag_flujo.py for tasks to queue
[2026-09-28T01:13:14.194+0000] {logging_mixin.py:149} INFO - [2026-09-28T01:13:14.194+0000] {dagbag.py:541} INFO - Filling up the DagBag from /opt/airflow/dags/1_dag_flujo.py
[2026-09-28T01:13:14.318+0000] {processor.py:809} INFO - DAG(s) dict_keys(['cobertura_pipeline']) retrieved from /opt/airflow/dags/1_dag_flujo.py
[2026-09-28T01:13:14.502+0000] {logging_mixin.py:149} INFO - [2026-09-28T01:13:14.502+0000] {dag.py:2726} INFO - Sync 1 DAGs
[2026-09-28T01:13:14.537+0000] {logging_mixin.py:149} INFO - [2026-09-28T01:13:14.537+0000] {dag.py:2747} INFO - Creating ORM DAG for cobertura_pipeline
[2026-09-28T01:13:14.574+0000] {logging_mixin.py:149} INFO - [2026-09-28T01:13:14.573+0000] {dag.py:3490} INFO - Setting next_dagrun for cobertura_pipeline to 2026-09-28T01:07:14.573066+00:00, run_after=2026-09-28T01:13:14.573066+00:00
[2026-09-28T01:13:14.640+0000] {processor.py:178} INFO - Processing /opt/airflow/dags/1_dag_flujo.py took 0.460 seconds
[2026-09-28T01:13:44.961+0000] {processor.py:156} INFO - Started process (PID=144) to work on /opt/airflow/dags/1_dag_flujo.py
[2026-09-28T01:13:44.969+0000] {processor.py:799} INFO - Processing file /opt/airflow/dags/1_dag_flujo.py for tasks to queue
[2026-09-28T01:13:44.972+0000] {logging_mixin.py:149} INFO - [2026-09-28T01:13:44.971+0000] {dagbag.py:541} INFO - Filling up the DagBag from /opt/airflow/dags/1_dag_flujo.py
[2026-09-28T01:13:45.112+0000] {processor.py:809} INFO - DAG(s) dict_keys(['cobertura_pipeline']) retrieved from /opt/airflow/dags/1_dag_flujo.py
[2026-09-28T01:13:45.199+0000] {logging_mixin.py:149} INFO - [2026-09-28T01:13:45.199+0000] {dag.py:2726} INFO - Sync 1 DAGs
[2026-09-28T01:13:45.327+0000] {processor.py:178} INFO - Processing /opt/airflow/dags/1_dag_flujo.py took 0.379 seconds
[2026-09-28T01:14:15.611+0000] {processor.py:156} INFO - Started process (PID=152) to work on /opt/airflow/dags/1_dag_flujo.py
[2026-09-28T01:14:15.617+0000] {processor.py:799} INFO - Processing file /opt/airflow/dags/1_dag_flujo.py for tasks to queue
[2026-09-28T01:14:15.619+0000] {logging_mixin.py:149} INFO - [2026-09-28T01:14:15.618+0000] {dagbag.py:541} INFO - Filling up the DagBag from /opt/airflow/dags/1_dag_flujo.py
[2026-09-28T01:14:15.761+0000] {processor.py:809} INFO - DAG(s) dict_keys(['cobertura_pipeline']) retrieved from /opt/airflow/dags/1_dag_flujo.py
[2026-09-28T01:14:15.855+0000] {logging_mixin.py:149} INFO - [2026-09-28T01:14:15.854+0000] {dag.py:2726} INFO - Sync 1 DAGs
[2026-09-28T01:14:15.994+0000] {processor.py:178} INFO - Processing /opt/airflow/dags/1_dag_flujo.py took 0.394 seconds
[2026-09-28T01:14:46.286+0000] {processor.py:156} INFO - Started process (PID=160) to work on /opt/airflow/dags/1_dag_flujo.py
[2026-09-28T01:14:46.293+0000] {processor.py:799} INFO - Processing file /opt/airflow/dags/1_dag_flujo.py for tasks to queue
[2026-09-28T01:14:46.295+0000] {logging_mixin.py:149} INFO - [2026-09-28T01:14:46.294+0000] {dagbag.py:541} INFO - Filling up the DagBag from /opt/airflow/dags/1_dag_flujo.py
[2026-09-28T01:14:46.431+0000] {processor.py:809} INFO - DAG(s) dict_keys(['cobertura_pipeline']) retrieved from /opt/airflow/dags/1_dag_flujo.py
[2026-09-28T01:14:46.514+0000] {logging_mixin.py:149} INFO - [2026-09-28T01:14:46.514+0000] {dag.py:2726} INFO - Sync 1 DAGs
[2026-09-28T01:14:46.574+0000] {logging_mixin.py:149} INFO - [2026-09-28T01:14:46.574+0000] {dag.py:3490} INFO - Setting next_dagrun for cobertura_pipeline to 2026-09-28T01:13:14.573066+00:00, run_after=2026-09-28T01:19:14.573066+00:00
[2026-09-28T01:14:46.634+0000] {processor.py:178} INFO - Processing /opt/airflow/dags/1_dag_flujo.py took 0.358 seconds
[2026-09-28T01:15:16.929+0000] {processor.py:156} INFO - Started process (PID=168) to work on /opt/airflow/dags/1_dag_flujo.py
[2026-09-28T01:15:16.934+0000] {processor.py:799} INFO - Processing file /opt/airflow/dags/1_dag_flujo.py for tasks to queue
[2026-09-28T01:15:16.936+0000] {logging_mixin.py:149} INFO - [2026-09-28T01:15:16.936+0000] {dagbag.py:541} INFO - Filling up the DagBag from /opt/airflow/dags/1_dag_flujo.py
[2026-09-28T01:15:17.087+0000] {processor.py:809} INFO - DAG(s) dict_keys(['cobertura_pipeline']) retrieved from /opt/airflow/dags/1_dag_flujo.py
[2026-09-28T01:15:17.154+0000] {logging_mixin.py:149} INFO - [2026-09-28T01:15:17.153+0000] {dag.py:2726} INFO - Sync 1 DAGs
[2026-09-28T01:15:17.215+0000] {logging_mixin.py:149} INFO - [2026-09-28T01:15:17.215+0000] {dag.py:3490} INFO - Setting next_dagrun for cobertura_pipeline to 2026-09-28T01:13:14.573066+00:00, run_after=2026-09-28T01:19:14.573066+00:00
[2026-09-28T01:15:17.265+0000] {processor.py:178} INFO - Processing /opt/airflow/dags/1_dag_flujo.py took 0.347 seconds
[2026-09-28T01:15:47.578+0000] {processor.py:156} INFO - Started process (PID=177) to work on /opt/airflow/dags/1_dag_flujo.py
[2026-09-28T01:15:47.582+0000] {processor.py:799} INFO - Processing file /opt/airflow/dags/1_dag_flujo.py for tasks to queue
[2026-09-28T01:15:47.584+0000] {logging_mixin.py:149} INFO - [2026-09-28T01:15:47.583+0000] {dagbag.py:541} INFO - Filling up the DagBag from /opt/airflow/dags/1_dag_flujo.py
[2026-09-28T01:15:47.700+0000] {processor.py:809} INFO - DAG(s) dict_keys(['cobertura_pipeline']) retrieved from /opt/airflow/dags/1_dag_flujo.py
[2026-09-28T01:15:47.765+0000] {logging_mixin.py:149} INFO - [2026-09-28T01:15:47.764+0000] {dag.py:2726} INFO - Sync 1 DAGs
[2026-09-28T01:15:47.836+0000] {logging_mixin.py:149} INFO - [2026-09-28T01:15:47.835+0000] {dag.py:3490} INFO - Setting next_dagrun for cobertura_pipeline to 2026-09-28T01:13:14.573066+00:00, run_after=2026-09-28T01:19:14.573066+00:00
[2026-09-28T01:15:47.895+0000] {processor.py:178} INFO - Processing /opt/airflow/dags/1_dag_flujo.py took 0.326 seconds
[2026-09-28T01:16:18.173+0000] {processor.py:156} INFO - Started process (PID=185) to work on /opt/airflow/dags/1_dag_flujo.py
[2026-09-28T01:16:18.179+0000] {processor.py:799} INFO - Processing file /opt/airflow/dags/1_dag_flujo.py for tasks to queue
[2026-09-28T01:16:18.182+0000] {logging_mixin.py:149} INFO - [2026-09-28T01:16:18.181+0000] {dagbag.py:541} INFO - Filling up the DagBag from /opt/airflow/dags/1_dag_flujo.py
[2026-09-28T01:16:18.376+0000] {processor.py:809} INFO - DAG(s) dict_keys(['cobertura_pipeline']) retrieved from /opt/airflow/dags/1_dag_flujo.py
[2026-09-28T01:16:18.458+0000] {logging_mixin.py:149} INFO - [2026-09-28T01:16:18.458+0000] {dag.py:2726} INFO - Sync 1 DAGs
[2026-09-28T01:16:18.521+0000] {logging_mixin.py:149} INFO - [2026-09-28T01:16:18.521+0000] {dag.py:3490} INFO - Setting next_dagrun for cobertura_pipeline to 2026-09-28T01:13:14.573066+00:00, run_after=2026-09-28T01:19:14.573066+00:00
[2026-09-28T01:16:18.578+0000] {processor.py:178} INFO - Processing /opt/airflow/dags/1_dag_flujo.py took 0.416 seconds
[2026-09-28T01:16:48.885+0000] {processor.py:156} INFO - Started process (PID=193) to work on /opt/airflow/dags/1_dag_flujo.py
[2026-09-28T01:16:48.893+0000] {processor.py:799} INFO - Processing file /opt/airflow/dags/1_dag_flujo.py for tasks to queue
[2026-09-28T01:16:48.895+0000] {logging_mixin.py:149} INFO - [2026-09-28T01:16:48.894+0000] {dagbag.py:541} INFO - Filling up the DagBag from /opt/airflow/dags/1_dag_flujo.py
[2026-09-28T01:16:49.026+0000] {processor.py:809} INFO - DAG(s) dict_keys(['cobertura_pipeline']) retrieved from /opt/airflow/dags/1_dag_flujo.py
[2026-09-28T01:16:49.107+0000] {logging_mixin.py:149} INFO - [2026-09-28T01:16:49.106+0000] {dag.py:2726} INFO - Sync 1 DAGs
[2026-09-28T01:16:49.194+0000] {logging_mixin.py:149} INFO - [2026-09-28T01:16:49.193+0000] {dag.py:3490} INFO - Setting next_dagrun for cobertura_pipeline to 2026-09-28T01:13:14.573066+00:00, run_after=2026-09-28T01:19:14.573066+00:00
[2026-09-28T01:16:49.254+0000] {processor.py:178} INFO - Processing /opt/airflow/dags/1_dag_flujo.py took 0.380 seconds
[2026-09-28T01:17:19.546+0000] {processor.py:156} INFO - Started process (PID=201) to work on /opt/airflow/dags/1_dag_flujo.py
[2026-09-28T01:17:19.549+0000] {processor.py:799} INFO - Processing file /opt/airflow/dags/1_dag_flujo.py for tasks to queue
[2026-09-28T01:17:19.551+0000] {logging_mixin.py:149} INFO - [2026-09-28T01:17:19.551+0000] {dagbag.py:541} INFO - Filling up the DagBag from /opt/airflow/dags/1_dag_flujo.py
[2026-09-28T01:17:19.676+0000] {processor.py:809} INFO - DAG(s) dict_keys(['cobertura_pipeline']) retrieved from /opt/airflow/dags/1_dag_flujo.py
[2026-09-28T01:17:19.772+0000] {logging_mixin.py:149} INFO - [2026-09-28T01:17:19.771+0000] {dag.py:2726} INFO - Sync 1 DAGs
[2026-09-28T01:17:19.847+0000] {logging_mixin.py:149} INFO - [2026-09-28T01:17:19.847+0000] {dag.py:3490} INFO - Setting next_dagrun for cobertura_pipeline to 2026-09-28T01:13:14.573066+00:00, run_after=2026-09-28T01:19:14.573066+00:00
[2026-09-28T01:17:19.919+0000] {processor.py:178} INFO - Processing /opt/airflow/dags/1_dag_flujo.py took 0.384 seconds
[2026-09-28T01:17:50.229+0000] {processor.py:156} INFO - Started process (PID=209) to work on /opt/airflow/dags/1_dag_flujo.py
[2026-09-28T01:17:50.232+0000] {processor.py:799} INFO - Processing file /opt/airflow/dags/1_dag_flujo.py for tasks to queue
[2026-09-28T01:17:50.235+0000] {logging_mixin.py:149} INFO - [2026-09-28T01:17:50.234+0000] {dagbag.py:541} INFO - Filling up the DagBag from /opt/airflow/dags/1_dag_flujo.py
[2026-09-28T01:17:50.418+0000] {processor.py:809} INFO - DAG(s) dict_keys(['cobertura_pipeline']) retrieved from /opt/airflow/dags/1_dag_flujo.py
[2026-09-28T01:17:50.499+0000] {logging_mixin.py:149} INFO - [2026-09-28T01:17:50.499+0000] {dag.py:2726} INFO - Sync 1 DAGs
[2026-09-28T01:17:50.582+0000] {logging_mixin.py:149} INFO - [2026-09-28T01:17:50.581+0000] {dag.py:3490} INFO - Setting next_dagrun for cobertura_pipeline to 2026-09-28T01:13:14.573066+00:00, run_after=2026-09-28T01:19:14.573066+00:00
[2026-09-28T01:17:50.643+0000] {processor.py:178} INFO - Processing /opt/airflow/dags/1_dag_flujo.py took 0.424 seconds
[2026-09-28T01:18:20.930+0000] {processor.py:156} INFO - Started process (PID=217) to work on /opt/airflow/dags/1_dag_flujo.py
[2026-09-28T01:18:20.954+0000] {processor.py:799} INFO - Processing file /opt/airflow/dags/1_dag_flujo.py for tasks to queue
[2026-09-28T01:18:20.956+0000] {logging_mixin.py:149} INFO - [2026-09-28T01:18:20.956+0000] {dagbag.py:541} INFO - Filling up the DagBag from /opt/airflow/dags/1_dag_flujo.py
[2026-09-28T01:18:21.096+0000] {processor.py:809} INFO - DAG(s) dict_keys(['cobertura_pipeline']) retrieved from /opt/airflow/dags/1_dag_flujo.py
[2026-09-28T01:18:21.174+0000] {logging_mixin.py:149} INFO - [2026-09-28T01:18:21.174+0000] {dag.py:2726} INFO - Sync 1 DAGs
[2026-09-28T01:18:21.244+0000] {logging_mixin.py:149} INFO - [2026-09-28T01:18:21.243+0000] {dag.py:3490} INFO - Setting next_dagrun for cobertura_pipeline to 2026-09-28T01:13:14.573066+00:00, run_after=2026-09-28T01:19:14.573066+00:00
[2026-09-28T01:18:21.307+0000] {processor.py:178} INFO - Processing /opt/airflow/dags/1_dag_flujo.py took 0.389 seconds
[2026-09-28T01:18:51.608+0000] {processor.py:156} INFO - Started process (PID=226) to work on /opt/airflow/dags/1_dag_flujo.py
[2026-09-28T01:18:51.611+0000] {processor.py:799} INFO - Processing file /opt/airflow/dags/1_dag_flujo.py for tasks to queue
[2026-09-28T01:18:51.613+0000] {logging_mixin.py:149} INFO - [2026-09-28T01:18:51.613+0000] {dagbag.py:541} INFO - Filling up the DagBag from /opt/airflow/dags/1_dag_flujo.py
[2026-09-28T01:18:51.736+0000] {processor.py:809} INFO - DAG(s) dict_keys(['cobertura_pipeline']) retrieved from /opt/airflow/dags/1_dag_flujo.py
[2026-09-28T01:18:51.811+0000] {logging_mixin.py:149} INFO - [2026-09-28T01:18:51.810+0000] {dag.py:2726} INFO - Sync 1 DAGs
[2026-09-28T01:18:51.879+0000] {logging_mixin.py:149} INFO - [2026-09-28T01:18:51.878+0000] {dag.py:3490} INFO - Setting next_dagrun for cobertura_pipeline to 2026-09-28T01:13:14.573066+00:00, run_after=2026-09-28T01:19:14.573066+00:00
[2026-09-28T01:18:51.933+0000] {processor.py:178} INFO - Processing /opt/airflow/dags/1_dag_flujo.py took 0.336 seconds
[2026-09-28T01:19:22.260+0000] {processor.py:156} INFO - Started process (PID=234) to work on /opt/airflow/dags/1_dag_flujo.py
[2026-09-28T01:19:22.263+0000] {processor.py:799} INFO - Processing file /opt/airflow/dags/1_dag_flujo.py for tasks to queue
[2026-09-28T01:19:22.265+0000] {logging_mixin.py:149} INFO - [2026-09-28T01:19:22.265+0000] {dagbag.py:541} INFO - Filling up the DagBag from /opt/airflow/dags/1_dag_flujo.py
[2026-09-28T01:19:22.423+0000] {processor.py:809} INFO - DAG(s) dict_keys(['cobertura_pipeline']) retrieved from /opt/airflow/dags/1_dag_flujo.py
[2026-09-28T01:19:22.491+0000] {logging_mixin.py:149} INFO - [2026-09-28T01:19:22.490+0000] {dag.py:2726} INFO - Sync 1 DAGs
[2026-09-28T01:19:22.593+0000] {processor.py:178} INFO - Processing /opt/airflow/dags/1_dag_flujo.py took 0.347 seconds
[2026-09-28T01:19:52.917+0000] {processor.py:156} INFO - Started process (PID=242) to work on /opt/airflow/dags/1_dag_flujo.py
[2026-09-28T01:19:52.920+0000] {processor.py:799} INFO - Processing file /opt/airflow/dags/1_dag_flujo.py for tasks to queue
[2026-09-28T01:19:52.922+0000] {logging_mixin.py:149} INFO - [2026-09-28T01:19:52.922+0000] {dagbag.py:541} INFO - Filling up the DagBag from /opt/airflow/dags/1_dag_flujo.py
[2026-09-28T01:19:53.044+0000] {processor.py:809} INFO - DAG(s) dict_keys(['cobertura_pipeline']) retrieved from /opt/airflow/dags/1_dag_flujo.py
[2026-09-28T01:19:53.125+0000] {logging_mixin.py:149} INFO - [2026-09-28T01:19:53.124+0000] {dag.py:2726} INFO - Sync 1 DAGs
[2026-09-28T01:19:53.187+0000] {logging_mixin.py:149} INFO - [2026-09-28T01:19:53.186+0000] {dag.py:3490} INFO - Setting next_dagrun for cobertura_pipeline to 2026-09-28T01:19:14.573066+00:00, run_after=2026-09-28T01:25:14.573066+00:00
[2026-09-28T01:19:53.238+0000] {processor.py:178} INFO - Processing /opt/airflow/dags/1_dag_flujo.py took 0.331 seconds
[2026-09-28T01:20:23.555+0000] {processor.py:156} INFO - Started process (PID=250) to work on /opt/airflow/dags/1_dag_flujo.py
[2026-09-28T01:20:23.559+0000] {processor.py:799} INFO - Processing file /opt/airflow/dags/1_dag_flujo.py for tasks to queue
[2026-09-28T01:20:23.561+0000] {logging_mixin.py:149} INFO - [2026-09-28T01:20:23.561+0000] {dagbag.py:541} INFO - Filling up the DagBag from /opt/airflow/dags/1_dag_flujo.py
[2026-09-28T01:20:23.710+0000] {processor.py:809} INFO - DAG(s) dict_keys(['cobertura_pipeline']) retrieved from /opt/airflow/dags/1_dag_flujo.py
[2026-09-28T01:20:23.803+0000] {logging_mixin.py:149} INFO - [2026-09-28T01:20:23.802+0000] {dag.py:2726} INFO - Sync 1 DAGs
[2026-09-28T01:20:23.875+0000] {logging_mixin.py:149} INFO - [2026-09-28T01:20:23.874+0000] {dag.py:3490} INFO - Setting next_dagrun for cobertura_pipeline to 2026-09-28T01:19:14.573066+00:00, run_after=2026-09-28T01:25:14.573066+00:00
[2026-09-28T01:20:23.945+0000] {processor.py:178} INFO - Processing /opt/airflow/dags/1_dag_flujo.py took 0.402 seconds
[2026-09-28T01:20:54.261+0000] {processor.py:156} INFO - Started process (PID=258) to work on /opt/airflow/dags/1_dag_flujo.py
[2026-09-28T01:20:54.265+0000] {processor.py:799} INFO - Processing file /opt/airflow/dags/1_dag_flujo.py for tasks to queue
[2026-09-28T01:20:54.267+0000] {logging_mixin.py:149} INFO - [2026-09-28T01:20:54.267+0000] {dagbag.py:541} INFO - Filling up the DagBag from /opt/airflow/dags/1_dag_flujo.py
[2026-09-28T01:20:54.389+0000] {processor.py:809} INFO - DAG(s) dict_keys(['cobertura_pipeline']) retrieved from /opt/airflow/dags/1_dag_flujo.py
[2026-09-28T01:20:54.489+0000] {logging_mixin.py:149} INFO - [2026-09-28T01:20:54.489+0000] {dag.py:2726} INFO - Sync 1 DAGs
[2026-09-28T01:20:54.546+0000] {logging_mixin.py:149} INFO - [2026-09-28T01:20:54.545+0000] {dag.py:3490} INFO - Setting next_dagrun for cobertura_pipeline to 2026-09-28T01:19:14.573066+00:00, run_after=2026-09-28T01:25:14.573066+00:00
[2026-09-28T01:20:54.575+0000] {processor.py:178} INFO - Processing /opt/airflow/dags/1_dag_flujo.py took 0.324 seconds
[2026-09-28T01:21:24.879+0000] {processor.py:156} INFO - Started process (PID=266) to work on /opt/airflow/dags/1_dag_flujo.py
[2026-09-28T01:21:24.882+0000] {processor.py:799} INFO - Processing file /opt/airflow/dags/1_dag_flujo.py for tasks to queue
[2026-09-28T01:21:24.884+0000] {logging_mixin.py:149} INFO - [2026-09-28T01:21:24.884+0000] {dagbag.py:541} INFO - Filling up the DagBag from /opt/airflow/dags/1_dag_flujo.py
[2026-09-28T01:21:25.045+0000] {processor.py:809} INFO - DAG(s) dict_keys(['cobertura_pipeline']) retrieved from /opt/airflow/dags/1_dag_flujo.py
[2026-09-28T01:21:25.127+0000] {logging_mixin.py:149} INFO - [2026-09-28T01:21:25.126+0000] {dag.py:2726} INFO - Sync 1 DAGs
[2026-09-28T01:21:25.201+0000] {logging_mixin.py:149} INFO - [2026-09-28T01:21:25.200+0000] {dag.py:3490} INFO - Setting next_dagrun for cobertura_pipeline to 2026-09-28T01:19:14.573066+00:00, run_after=2026-09-28T01:25:14.573066+00:00
[2026-09-28T01:21:25.261+0000] {processor.py:178} INFO - Processing /opt/airflow/dags/1_dag_flujo.py took 0.396 seconds
[2026-09-28T01:21:55.559+0000] {processor.py:156} INFO - Started process (PID=274) to work on /opt/airflow/dags/1_dag_flujo.py
[2026-09-28T01:21:55.565+0000] {processor.py:799} INFO - Processing file /opt/airflow/dags/1_dag_flujo.py for tasks to queue
[2026-09-28T01:21:55.568+0000] {logging_mixin.py:149} INFO - [2026-09-28T01:21:55.568+0000] {dagbag.py:541} INFO - Filling up the DagBag from /opt/airflow/dags/1_dag_flujo.py
[2026-09-28T01:21:55.711+0000] {processor.py:809} INFO - DAG(s) dict_keys(['cobertura_pipeline']) retrieved from /opt/airflow/dags/1_dag_flujo.py
[2026-09-28T01:21:55.795+0000] {logging_mixin.py:149} INFO - [2026-09-28T01:21:55.795+0000] {dag.py:2726} INFO - Sync 1 DAGs
[2026-09-28T01:21:55.860+0000] {logging_mixin.py:149} INFO - [2026-09-28T01:21:55.859+0000] {dag.py:3490} INFO - Setting next_dagrun for cobertura_pipeline to 2026-09-28T01:19:14.573066+00:00, run_after=2026-09-28T01:25:14.573066+00:00
[2026-09-28T01:21:55.919+0000] {processor.py:178} INFO - Processing /opt/airflow/dags/1_dag_flujo.py took 0.371 seconds
[2026-09-28T01:22:26.229+0000] {processor.py:156} INFO - Started process (PID=282) to work on /opt/airflow/dags/1_dag_flujo.py
[2026-09-28T01:22:26.232+0000] {processor.py:799} INFO - Processing file /opt/airflow/dags/1_dag_flujo.py for tasks to queue
[2026-09-28T01:22:26.234+0000] {logging_mixin.py:149} INFO - [2026-09-28T01:22:26.233+0000] {dagbag.py:541} INFO - Filling up the DagBag from /opt/airflow/dags/1_dag_flujo.py
[2026-09-28T01:22:26.381+0000] {processor.py:809} INFO - DAG(s) dict_keys(['cobertura_pipeline']) retrieved from /opt/airflow/dags/1_dag_flujo.py
[2026-09-28T01:22:26.468+0000] {logging_mixin.py:149} INFO - [2026-09-28T01:22:26.468+0000] {dag.py:2726} INFO - Sync 1 DAGs
[2026-09-28T01:22:26.550+0000] {logging_mixin.py:149} INFO - [2026-09-28T01:22:26.549+0000] {dag.py:3490} INFO - Setting next_dagrun for cobertura_pipeline to 2026-09-28T01:19:14.573066+00:00, run_after=2026-09-28T01:25:14.573066+00:00
[2026-09-28T01:22:26.616+0000] {processor.py:178} INFO - Processing /opt/airflow/dags/1_dag_flujo.py took 0.398 seconds
[2026-09-28T01:22:56.953+0000] {processor.py:156} INFO - Started process (PID=290) to work on /opt/airflow/dags/1_dag_flujo.py
[2026-09-28T01:22:56.956+0000] {processor.py:799} INFO - Processing file /opt/airflow/dags/1_dag_flujo.py for tasks to queue
[2026-09-28T01:22:56.958+0000] {logging_mixin.py:149} INFO - [2026-09-28T01:22:56.958+0000] {dagbag.py:541} INFO - Filling up the DagBag from /opt/airflow/dags/1_dag_flujo.py
[2026-09-28T01:22:57.106+0000] {processor.py:809} INFO - DAG(s) dict_keys(['cobertura_pipeline']) retrieved from /opt/airflow/dags/1_dag_flujo.py
[2026-09-28T01:22:57.188+0000] {logging_mixin.py:149} INFO - [2026-09-28T01:22:57.187+0000] {dag.py:2726} INFO - Sync 1 DAGs
[2026-09-28T01:22:57.262+0000] {logging_mixin.py:149} INFO - [2026-09-28T01:22:57.262+0000] {dag.py:3490} INFO - Setting next_dagrun for cobertura_pipeline to 2026-09-28T01:19:14.573066+00:00, run_after=2026-09-28T01:25:14.573066+00:00
[2026-09-28T01:22:57.324+0000] {processor.py:178} INFO - Processing /opt/airflow/dags/1_dag_flujo.py took 0.382 seconds
[2026-09-28T01:23:27.643+0000] {processor.py:156} INFO - Started process (PID=299) to work on /opt/airflow/dags/1_dag_flujo.py
[2026-09-28T01:23:27.647+0000] {processor.py:799} INFO - Processing file /opt/airflow/dags/1_dag_flujo.py for tasks to queue
[2026-09-28T01:23:27.649+0000] {logging_mixin.py:149} INFO - [2026-09-28T01:23:27.648+0000] {dagbag.py:541} INFO - Filling up the DagBag from /opt/airflow/dags/1_dag_flujo.py
[2026-09-28T01:23:27.783+0000] {processor.py:809} INFO - DAG(s) dict_keys(['cobertura_pipeline']) retrieved from /opt/airflow/dags/1_dag_flujo.py
[2026-09-28T01:23:27.864+0000] {logging_mixin.py:149} INFO - [2026-09-28T01:23:27.864+0000] {dag.py:2726} INFO - Sync 1 DAGs
[2026-09-28T01:23:27.935+0000] {logging_mixin.py:149} INFO - [2026-09-28T01:23:27.934+0000] {dag.py:3490} INFO - Setting next_dagrun for cobertura_pipeline to 2026-09-28T01:19:14.573066+00:00, run_after=2026-09-28T01:25:14.573066+00:00
[2026-09-28T01:23:27.995+0000] {processor.py:178} INFO - Processing /opt/airflow/dags/1_dag_flujo.py took 0.364 seconds
[2026-09-28T01:23:58.305+0000] {processor.py:156} INFO - Started process (PID=308) to work on /opt/airflow/dags/1_dag_flujo.py
[2026-09-28T01:23:58.308+0000] {processor.py:799} INFO - Processing file /opt/airflow/dags/1_dag_flujo.py for tasks to queue
[2026-09-28T01:23:58.310+0000] {logging_mixin.py:149} INFO - [2026-09-28T01:23:58.310+0000] {dagbag.py:541} INFO - Filling up the DagBag from /opt/airflow/dags/1_dag_flujo.py
[2026-09-28T01:23:58.435+0000] {processor.py:809} INFO - DAG(s) dict_keys(['cobertura_pipeline']) retrieved from /opt/airflow/dags/1_dag_flujo.py
[2026-09-28T01:23:58.518+0000] {logging_mixin.py:149} INFO - [2026-09-28T01:23:58.517+0000] {dag.py:2726} INFO - Sync 1 DAGs
[2026-09-28T01:23:58.592+0000] {logging_mixin.py:149} INFO - [2026-09-28T01:23:58.591+0000] {dag.py:3490} INFO - Setting next_dagrun for cobertura_pipeline to 2026-09-28T01:19:14.573066+00:00, run_after=2026-09-28T01:25:14.573066+00:00
[2026-09-28T01:23:58.652+0000] {processor.py:178} INFO - Processing /opt/airflow/dags/1_dag_flujo.py took 0.359 seconds
[2026-09-28T01:24:28.914+0000] {processor.py:156} INFO - Started process (PID=316) to work on /opt/airflow/dags/1_dag_flujo.py
[2026-09-28T01:24:28.916+0000] {processor.py:799} INFO - Processing file /opt/airflow/dags/1_dag_flujo.py for tasks to queue
[2026-09-28T01:24:28.917+0000] {logging_mixin.py:149} INFO - [2026-09-28T01:24:28.917+0000] {dagbag.py:541} INFO - Filling up the DagBag from /opt/airflow/dags/1_dag_flujo.py
[2026-09-28T01:24:29.009+0000] {processor.py:809} INFO - DAG(s) dict_keys(['cobertura_pipeline']) retrieved from /opt/airflow/dags/1_dag_flujo.py
[2026-09-28T01:24:29.080+0000] {logging_mixin.py:149} INFO - [2026-09-28T01:24:29.080+0000] {dag.py:2726} INFO - Sync 1 DAGs
[2026-09-28T01:24:29.156+0000] {logging_mixin.py:149} INFO - [2026-09-28T01:24:29.155+0000] {dag.py:3490} INFO - Setting next_dagrun for cobertura_pipeline to 2026-09-28T01:19:14.573066+00:00, run_after=2026-09-28T01:25:14.573066+00:00
[2026-09-28T01:24:29.227+0000] {processor.py:178} INFO - Processing /opt/airflow/dags/1_dag_flujo.py took 0.318 seconds
[2026-09-28T01:24:59.540+0000] {processor.py:156} INFO - Started process (PID=324) to work on /opt/airflow/dags/1_dag_flujo.py
[2026-09-28T01:24:59.543+0000] {processor.py:799} INFO - Processing file /opt/airflow/dags/1_dag_flujo.py for tasks to queue
[2026-09-28T01:24:59.546+0000] {logging_mixin.py:149} INFO - [2026-09-28T01:24:59.545+0000] {dagbag.py:541} INFO - Filling up the DagBag from /opt/airflow/dags/1_dag_flujo.py
[2026-09-28T01:24:59.714+0000] {processor.py:809} INFO - DAG(s) dict_keys(['cobertura_pipeline']) retrieved from /opt/airflow/dags/1_dag_flujo.py
[2026-09-28T01:24:59.764+0000] {logging_mixin.py:149} INFO - [2026-09-28T01:24:59.764+0000] {dag.py:2726} INFO - Sync 1 DAGs
[2026-09-28T01:24:59.833+0000] {logging_mixin.py:149} INFO - [2026-09-28T01:24:59.832+0000] {dag.py:3490} INFO - Setting next_dagrun for cobertura_pipeline to 2026-09-28T01:19:14.573066+00:00, run_after=2026-09-28T01:25:14.573066+00:00
[2026-09-28T01:24:59.889+0000] {processor.py:178} INFO - Processing /opt/airflow/dags/1_dag_flujo.py took 0.360 seconds
[2026-09-28T01:25:30.187+0000] {processor.py:156} INFO - Started process (PID=332) to work on /opt/airflow/dags/1_dag_flujo.py
[2026-09-28T01:25:30.191+0000] {processor.py:799} INFO - Processing file /opt/airflow/dags/1_dag_flujo.py for tasks to queue
[2026-09-28T01:25:30.193+0000] {logging_mixin.py:149} INFO - [2026-09-28T01:25:30.193+0000] {dagbag.py:541} INFO - Filling up the DagBag from /opt/airflow/dags/1_dag_flujo.py
[2026-09-28T01:25:30.326+0000] {processor.py:809} INFO - DAG(s) dict_keys(['cobertura_pipeline']) retrieved from /opt/airflow/dags/1_dag_flujo.py
[2026-09-28T01:25:30.419+0000] {logging_mixin.py:149} INFO - [2026-09-28T01:25:30.419+0000] {dag.py:2726} INFO - Sync 1 DAGs
[2026-09-28T01:25:30.549+0000] {processor.py:178} INFO - Processing /opt/airflow/dags/1_dag_flujo.py took 0.373 seconds
[2026-09-28T01:26:00.841+0000] {processor.py:156} INFO - Started process (PID=340) to work on /opt/airflow/dags/1_dag_flujo.py
[2026-09-28T01:26:00.845+0000] {processor.py:799} INFO - Processing file /opt/airflow/dags/1_dag_flujo.py for tasks to queue
[2026-09-28T01:26:00.847+0000] {logging_mixin.py:149} INFO - [2026-09-28T01:26:00.847+0000] {dagbag.py:541} INFO - Filling up the DagBag from /opt/airflow/dags/1_dag_flujo.py
[2026-09-28T01:26:00.992+0000] {processor.py:809} INFO - DAG(s) dict_keys(['cobertura_pipeline']) retrieved from /opt/airflow/dags/1_dag_flujo.py
[2026-09-28T01:26:01.063+0000] {logging_mixin.py:149} INFO - [2026-09-28T01:26:01.062+0000] {dag.py:2726} INFO - Sync 1 DAGs
[2026-09-28T01:26:01.129+0000] {logging_mixin.py:149} INFO - [2026-09-28T01:26:01.128+0000] {dag.py:3490} INFO - Setting next_dagrun for cobertura_pipeline to 2026-09-28T01:25:14.573066+00:00, run_after=2026-09-28T01:31:14.573066+00:00
[2026-09-28T01:26:01.187+0000] {processor.py:178} INFO - Processing /opt/airflow/dags/1_dag_flujo.py took 0.357 seconds
[2026-09-28T01:26:31.489+0000] {processor.py:156} INFO - Started process (PID=349) to work on /opt/airflow/dags/1_dag_flujo.py
[2026-09-28T01:26:31.493+0000] {processor.py:799} INFO - Processing file /opt/airflow/dags/1_dag_flujo.py for tasks to queue
[2026-09-28T01:26:31.495+0000] {logging_mixin.py:149} INFO - [2026-09-28T01:26:31.494+0000] {dagbag.py:541} INFO - Filling up the DagBag from /opt/airflow/dags/1_dag_flujo.py
[2026-09-28T01:26:31.630+0000] {processor.py:809} INFO - DAG(s) dict_keys(['cobertura_pipeline']) retrieved from /opt/airflow/dags/1_dag_flujo.py
[2026-09-28T01:26:31.730+0000] {logging_mixin.py:149} INFO - [2026-09-28T01:26:31.729+0000] {dag.py:2726} INFO - Sync 1 DAGs
[2026-09-28T01:26:31.816+0000] {logging_mixin.py:149} INFO - [2026-09-28T01:26:31.816+0000] {dag.py:3490} INFO - Setting next_dagrun for cobertura_pipeline to 2026-09-28T01:25:14.573066+00:00, run_after=2026-09-28T01:31:14.573066+00:00
[2026-09-28T01:26:31.857+0000] {processor.py:178} INFO - Processing /opt/airflow/dags/1_dag_flujo.py took 0.380 seconds
[2026-09-28T01:27:02.144+0000] {processor.py:156} INFO - Started process (PID=358) to work on /opt/airflow/dags/1_dag_flujo.py
[2026-09-28T01:27:02.148+0000] {processor.py:799} INFO - Processing file /opt/airflow/dags/1_dag_flujo.py for tasks to queue
[2026-09-28T01:27:02.150+0000] {logging_mixin.py:149} INFO - [2026-09-28T01:27:02.149+0000] {dagbag.py:541} INFO - Filling up the DagBag from /opt/airflow/dags/1_dag_flujo.py
[2026-09-28T01:27:02.292+0000] {processor.py:809} INFO - DAG(s) dict_keys(['cobertura_pipeline']) retrieved from /opt/airflow/dags/1_dag_flujo.py
[2026-09-28T01:27:02.333+0000] {logging_mixin.py:149} INFO - [2026-09-28T01:27:02.332+0000] {dag.py:2726} INFO - Sync 1 DAGs
[2026-09-28T01:27:02.367+0000] {logging_mixin.py:149} INFO - [2026-09-28T01:27:02.367+0000] {dag.py:3490} INFO - Setting next_dagrun for cobertura_pipeline to 2026-09-28T01:25:14.573066+00:00, run_after=2026-09-28T01:31:14.573066+00:00
[2026-09-28T01:27:02.391+0000] {processor.py:178} INFO - Processing /opt/airflow/dags/1_dag_flujo.py took 0.259 seconds
[2026-09-28T01:27:32.677+0000] {processor.py:156} INFO - Started process (PID=366) to work on /opt/airflow/dags/1_dag_flujo.py
[2026-09-28T01:27:32.681+0000] {processor.py:799} INFO - Processing file /opt/airflow/dags/1_dag_flujo.py for tasks to queue
[2026-09-28T01:27:32.683+0000] {logging_mixin.py:149} INFO - [2026-09-28T01:27:32.683+0000] {dagbag.py:541} INFO - Filling up the DagBag from /opt/airflow/dags/1_dag_flujo.py
[2026-09-28T01:27:32.813+0000] {processor.py:809} INFO - DAG(s) dict_keys(['cobertura_pipeline']) retrieved from /opt/airflow/dags/1_dag_flujo.py
[2026-09-28T01:27:32.900+0000] {logging_mixin.py:149} INFO - [2026-09-28T01:27:32.899+0000] {dag.py:2726} INFO - Sync 1 DAGs
[2026-09-28T01:27:32.988+0000] {logging_mixin.py:149} INFO - [2026-09-28T01:27:32.987+0000] {dag.py:3490} INFO - Setting next_dagrun for cobertura_pipeline to 2026-09-28T01:25:14.573066+00:00, run_after=2026-09-28T01:31:14.573066+00:00
[2026-09-28T01:27:33.051+0000] {processor.py:178} INFO - Processing /opt/airflow/dags/1_dag_flujo.py took 0.385 seconds
[2026-09-28T01:28:03.400+0000] {processor.py:156} INFO - Started process (PID=374) to work on /opt/airflow/dags/1_dag_flujo.py
[2026-09-28T01:28:03.404+0000] {processor.py:799} INFO - Processing file /opt/airflow/dags/1_dag_flujo.py for tasks to queue
[2026-09-28T01:28:03.406+0000] {logging_mixin.py:149} INFO - [2026-09-28T01:28:03.405+0000] {dagbag.py:541} INFO - Filling up the DagBag from /opt/airflow/dags/1_dag_flujo.py
[2026-09-28T01:28:03.569+0000] {processor.py:809} INFO - DAG(s) dict_keys(['cobertura_pipeline']) retrieved from /opt/airflow/dags/1_dag_flujo.py
[2026-09-28T01:28:03.649+0000] {logging_mixin.py:149} INFO - [2026-09-28T01:28:03.649+0000] {dag.py:2726} INFO - Sync 1 DAGs
[2026-09-28T01:28:03.713+0000] {logging_mixin.py:149} INFO - [2026-09-28T01:28:03.713+0000] {dag.py:3490} INFO - Setting next_dagrun for cobertura_pipeline to 2026-09-28T01:25:14.573066+00:00, run_after=2026-09-28T01:31:14.573066+00:00
[2026-09-28T01:28:03.777+0000] {processor.py:178} INFO - Processing /opt/airflow/dags/1_dag_flujo.py took 0.390 seconds
[2026-09-28T01:28:34.048+0000] {processor.py:156} INFO - Started process (PID=382) to work on /opt/airflow/dags/1_dag_flujo.py
[2026-09-28T01:28:34.050+0000] {processor.py:799} INFO - Processing file /opt/airflow/dags/1_dag_flujo.py for tasks to queue
[2026-09-28T01:28:34.051+0000] {logging_mixin.py:149} INFO - [2026-09-28T01:28:34.051+0000] {dagbag.py:541} INFO - Filling up the DagBag from /opt/airflow/dags/1_dag_flujo.py
[2026-09-28T01:28:34.149+0000] {processor.py:809} INFO - DAG(s) dict_keys(['cobertura_pipeline']) retrieved from /opt/airflow/dags/1_dag_flujo.py
[2026-09-28T01:28:34.188+0000] {logging_mixin.py:149} INFO - [2026-09-28T01:28:34.187+0000] {dag.py:2726} INFO - Sync 1 DAGs
[2026-09-28T01:28:34.228+0000] {logging_mixin.py:149} INFO - [2026-09-28T01:28:34.227+0000] {dag.py:3490} INFO - Setting next_dagrun for cobertura_pipeline to 2026-09-28T01:25:14.573066+00:00, run_after=2026-09-28T01:31:14.573066+00:00
[2026-09-28T01:28:34.285+0000] {processor.py:178} INFO - Processing /opt/airflow/dags/1_dag_flujo.py took 0.243 seconds
[2026-09-28T01:29:04.584+0000] {processor.py:156} INFO - Started process (PID=391) to work on /opt/airflow/dags/1_dag_flujo.py
[2026-09-28T01:29:04.588+0000] {processor.py:799} INFO - Processing file /opt/airflow/dags/1_dag_flujo.py for tasks to queue
[2026-09-28T01:29:04.590+0000] {logging_mixin.py:149} INFO - [2026-09-28T01:29:04.590+0000] {dagbag.py:541} INFO - Filling up the DagBag from /opt/airflow/dags/1_dag_flujo.py
[2026-09-28T01:29:04.755+0000] {processor.py:809} INFO - DAG(s) dict_keys(['cobertura_pipeline']) retrieved from /opt/airflow/dags/1_dag_flujo.py
[2026-09-28T01:29:04.796+0000] {logging_mixin.py:149} INFO - [2026-09-28T01:29:04.796+0000] {dag.py:2726} INFO - Sync 1 DAGs
[2026-09-28T01:29:04.849+0000] {logging_mixin.py:149} INFO - [2026-09-28T01:29:04.849+0000] {dag.py:3490} INFO - Setting next_dagrun for cobertura_pipeline to 2026-09-28T01:25:14.573066+00:00, run_after=2026-09-28T01:31:14.573066+00:00
[2026-09-28T01:29:04.908+0000] {processor.py:178} INFO - Processing /opt/airflow/dags/1_dag_flujo.py took 0.343 seconds
[2026-09-28T01:29:35.189+0000] {processor.py:156} INFO - Started process (PID=400) to work on /opt/airflow/dags/1_dag_flujo.py
[2026-09-28T01:29:35.194+0000] {processor.py:799} INFO - Processing file /opt/airflow/dags/1_dag_flujo.py for tasks to queue
[2026-09-28T01:29:35.196+0000] {logging_mixin.py:149} INFO - [2026-09-28T01:29:35.196+0000] {dagbag.py:541} INFO - Filling up the DagBag from /opt/airflow/dags/1_dag_flujo.py
[2026-09-28T01:29:35.384+0000] {processor.py:809} INFO - DAG(s) dict_keys(['cobertura_pipeline']) retrieved from /opt/airflow/dags/1_dag_flujo.py
[2026-09-28T01:29:35.456+0000] {logging_mixin.py:149} INFO - [2026-09-28T01:29:35.455+0000] {dag.py:2726} INFO - Sync 1 DAGs
[2026-09-28T01:29:35.518+0000] {logging_mixin.py:149} INFO - [2026-09-28T01:29:35.518+0000] {dag.py:3490} INFO - Setting next_dagrun for cobertura_pipeline to 2026-09-28T01:25:14.573066+00:00, run_after=2026-09-28T01:31:14.573066+00:00
[2026-09-28T01:29:35.579+0000] {processor.py:178} INFO - Processing /opt/airflow/dags/1_dag_flujo.py took 0.401 seconds
[2026-09-28T01:30:05.891+0000] {processor.py:156} INFO - Started process (PID=407) to work on /opt/airflow/dags/1_dag_flujo.py
[2026-09-28T01:30:05.894+0000] {processor.py:799} INFO - Processing file /opt/airflow/dags/1_dag_flujo.py for tasks to queue
[2026-09-28T01:30:05.895+0000] {logging_mixin.py:149} INFO - [2026-09-28T01:30:05.895+0000] {dagbag.py:541} INFO - Filling up the DagBag from /opt/airflow/dags/1_dag_flujo.py
[2026-09-28T01:30:06.013+0000] {processor.py:809} INFO - DAG(s) dict_keys(['cobertura_pipeline']) retrieved from /opt/airflow/dags/1_dag_flujo.py
[2026-09-28T01:30:06.073+0000] {logging_mixin.py:149} INFO - [2026-09-28T01:30:06.073+0000] {dag.py:2726} INFO - Sync 1 DAGs
[2026-09-28T01:30:06.127+0000] {logging_mixin.py:149} INFO - [2026-09-28T01:30:06.126+0000] {dag.py:3490} INFO - Setting next_dagrun for cobertura_pipeline to 2026-09-28T01:25:14.573066+00:00, run_after=2026-09-28T01:31:14.573066+00:00
[2026-09-28T01:30:06.182+0000] {processor.py:178} INFO - Processing /opt/airflow/dags/1_dag_flujo.py took 0.300 seconds
[2026-09-28T01:30:36.473+0000] {processor.py:156} INFO - Started process (PID=415) to work on /opt/airflow/dags/1_dag_flujo.py
[2026-09-28T01:30:36.476+0000] {processor.py:799} INFO - Processing file /opt/airflow/dags/1_dag_flujo.py for tasks to queue
[2026-09-28T01:30:36.478+0000] {logging_mixin.py:149} INFO - [2026-09-28T01:30:36.478+0000] {dagbag.py:541} INFO - Filling up the DagBag from /opt/airflow/dags/1_dag_flujo.py
[2026-09-28T01:30:36.596+0000] {processor.py:809} INFO - DAG(s) dict_keys(['cobertura_pipeline']) retrieved from /opt/airflow/dags/1_dag_flujo.py
[2026-09-28T01:30:36.658+0000] {logging_mixin.py:149} INFO - [2026-09-28T01:30:36.658+0000] {dag.py:2726} INFO - Sync 1 DAGs
[2026-09-28T01:30:36.742+0000] {logging_mixin.py:149} INFO - [2026-09-28T01:30:36.741+0000] {dag.py:3490} INFO - Setting next_dagrun for cobertura_pipeline to 2026-09-28T01:25:14.573066+00:00, run_after=2026-09-28T01:31:14.573066+00:00
[2026-09-28T01:30:36.793+0000] {processor.py:178} INFO - Processing /opt/airflow/dags/1_dag_flujo.py took 0.329 seconds
[2026-09-28T01:31:07.121+0000] {processor.py:156} INFO - Started process (PID=424) to work on /opt/airflow/dags/1_dag_flujo.py
[2026-09-28T01:31:07.126+0000] {processor.py:799} INFO - Processing file /opt/airflow/dags/1_dag_flujo.py for tasks to queue
[2026-09-28T01:31:07.129+0000] {logging_mixin.py:149} INFO - [2026-09-28T01:31:07.128+0000] {dagbag.py:541} INFO - Filling up the DagBag from /opt/airflow/dags/1_dag_flujo.py
[2026-09-28T01:31:07.264+0000] {processor.py:809} INFO - DAG(s) dict_keys(['cobertura_pipeline']) retrieved from /opt/airflow/dags/1_dag_flujo.py
[2026-09-28T01:31:07.334+0000] {logging_mixin.py:149} INFO - [2026-09-28T01:31:07.334+0000] {dag.py:2726} INFO - Sync 1 DAGs
[2026-09-28T01:31:07.394+0000] {logging_mixin.py:149} INFO - [2026-09-28T01:31:07.393+0000] {dag.py:3490} INFO - Setting next_dagrun for cobertura_pipeline to 2026-09-28T01:25:14.573066+00:00, run_after=2026-09-28T01:31:14.573066+00:00
[2026-09-28T01:31:07.458+0000] {processor.py:178} INFO - Processing /opt/airflow/dags/1_dag_flujo.py took 0.349 seconds
[2026-09-28T01:31:37.744+0000] {processor.py:156} INFO - Started process (PID=433) to work on /opt/airflow/dags/1_dag_flujo.py
[2026-09-28T01:31:37.748+0000] {processor.py:799} INFO - Processing file /opt/airflow/dags/1_dag_flujo.py for tasks to queue
[2026-09-28T01:31:37.750+0000] {logging_mixin.py:149} INFO - [2026-09-28T01:31:37.750+0000] {dagbag.py:541} INFO - Filling up the DagBag from /opt/airflow/dags/1_dag_flujo.py
[2026-09-28T01:31:37.870+0000] {processor.py:809} INFO - DAG(s) dict_keys(['cobertura_pipeline']) retrieved from /opt/airflow/dags/1_dag_flujo.py
[2026-09-28T01:31:37.953+0000] {logging_mixin.py:149} INFO - [2026-09-28T01:31:37.953+0000] {dag.py:2726} INFO - Sync 1 DAGs
[2026-09-28T01:31:38.037+0000] {processor.py:178} INFO - Processing /opt/airflow/dags/1_dag_flujo.py took 0.306 seconds
[2026-09-28T01:32:08.321+0000] {processor.py:156} INFO - Started process (PID=441) to work on /opt/airflow/dags/1_dag_flujo.py
[2026-09-28T01:32:08.331+0000] {processor.py:799} INFO - Processing file /opt/airflow/dags/1_dag_flujo.py for tasks to queue
[2026-09-28T01:32:08.333+0000] {logging_mixin.py:149} INFO - [2026-09-28T01:32:08.332+0000] {dagbag.py:541} INFO - Filling up the DagBag from /opt/airflow/dags/1_dag_flujo.py
[2026-09-28T01:32:08.461+0000] {processor.py:809} INFO - DAG(s) dict_keys(['cobertura_pipeline']) retrieved from /opt/airflow/dags/1_dag_flujo.py
[2026-09-28T01:32:08.538+0000] {logging_mixin.py:149} INFO - [2026-09-28T01:32:08.537+0000] {dag.py:2726} INFO - Sync 1 DAGs
[2026-09-28T01:32:08.606+0000] {logging_mixin.py:149} INFO - [2026-09-28T01:32:08.605+0000] {dag.py:3490} INFO - Setting next_dagrun for cobertura_pipeline to 2026-09-28T01:31:14.573066+00:00, run_after=2026-09-28T01:37:14.573066+00:00
[2026-09-28T01:32:08.650+0000] {processor.py:178} INFO - Processing /opt/airflow/dags/1_dag_flujo.py took 0.342 seconds
[2026-09-28T01:32:38.952+0000] {processor.py:156} INFO - Started process (PID=450) to work on /opt/airflow/dags/1_dag_flujo.py
[2026-09-28T01:32:38.958+0000] {processor.py:799} INFO - Processing file /opt/airflow/dags/1_dag_flujo.py for tasks to queue
[2026-09-28T01:32:38.960+0000] {logging_mixin.py:149} INFO - [2026-09-28T01:32:38.960+0000] {dagbag.py:541} INFO - Filling up the DagBag from /opt/airflow/dags/1_dag_flujo.py
[2026-09-28T01:32:39.095+0000] {processor.py:809} INFO - DAG(s) dict_keys(['cobertura_pipeline']) retrieved from /opt/airflow/dags/1_dag_flujo.py
[2026-09-28T01:32:39.154+0000] {logging_mixin.py:149} INFO - [2026-09-28T01:32:39.154+0000] {dag.py:2726} INFO - Sync 1 DAGs
[2026-09-28T01:32:39.209+0000] {logging_mixin.py:149} INFO - [2026-09-28T01:32:39.209+0000] {dag.py:3490} INFO - Setting next_dagrun for cobertura_pipeline to 2026-09-28T01:31:14.573066+00:00, run_after=2026-09-28T01:37:14.573066+00:00
[2026-09-28T01:32:39.269+0000] {processor.py:178} INFO - Processing /opt/airflow/dags/1_dag_flujo.py took 0.329 seconds
[2026-09-28T01:33:09.593+0000] {processor.py:156} INFO - Started process (PID=458) to work on /opt/airflow/dags/1_dag_flujo.py
[2026-09-28T01:33:09.601+0000] {processor.py:799} INFO - Processing file /opt/airflow/dags/1_dag_flujo.py for tasks to queue
[2026-09-28T01:33:09.603+0000] {logging_mixin.py:149} INFO - [2026-09-28T01:33:09.603+0000] {dagbag.py:541} INFO - Filling up the DagBag from /opt/airflow/dags/1_dag_flujo.py
[2026-09-28T01:33:09.771+0000] {processor.py:809} INFO - DAG(s) dict_keys(['cobertura_pipeline']) retrieved from /opt/airflow/dags/1_dag_flujo.py
[2026-09-28T01:33:09.816+0000] {logging_mixin.py:149} INFO - [2026-09-28T01:33:09.815+0000] {dag.py:2726} INFO - Sync 1 DAGs
[2026-09-28T01:33:09.854+0000] {logging_mixin.py:149} INFO - [2026-09-28T01:33:09.854+0000] {dag.py:3490} INFO - Setting next_dagrun for cobertura_pipeline to 2026-09-28T01:31:14.573066+00:00, run_after=2026-09-28T01:37:14.573066+00:00
[2026-09-28T01:33:09.890+0000] {processor.py:178} INFO - Processing /opt/airflow/dags/1_dag_flujo.py took 0.307 seconds
[2026-09-28T01:33:40.176+0000] {processor.py:156} INFO - Started process (PID=466) to work on /opt/airflow/dags/1_dag_flujo.py
[2026-09-28T01:33:40.180+0000] {processor.py:799} INFO - Processing file /opt/airflow/dags/1_dag_flujo.py for tasks to queue
[2026-09-28T01:33:40.182+0000] {logging_mixin.py:149} INFO - [2026-09-28T01:33:40.182+0000] {dagbag.py:541} INFO - Filling up the DagBag from /opt/airflow/dags/1_dag_flujo.py
[2026-09-28T01:33:40.312+0000] {processor.py:809} INFO - DAG(s) dict_keys(['cobertura_pipeline']) retrieved from /opt/airflow/dags/1_dag_flujo.py
[2026-09-28T01:33:40.379+0000] {logging_mixin.py:149} INFO - [2026-09-28T01:33:40.379+0000] {dag.py:2726} INFO - Sync 1 DAGs
[2026-09-28T01:33:40.448+0000] {logging_mixin.py:149} INFO - [2026-09-28T01:33:40.447+0000] {dag.py:3490} INFO - Setting next_dagrun for cobertura_pipeline to 2026-09-28T01:31:14.573066+00:00, run_after=2026-09-28T01:37:14.573066+00:00
[2026-09-28T01:33:40.502+0000] {processor.py:178} INFO - Processing /opt/airflow/dags/1_dag_flujo.py took 0.336 seconds
[2026-09-28T01:34:10.807+0000] {processor.py:156} INFO - Started process (PID=474) to work on /opt/airflow/dags/1_dag_flujo.py
[2026-09-28T01:34:10.811+0000] {processor.py:799} INFO - Processing file /opt/airflow/dags/1_dag_flujo.py for tasks to queue
[2026-09-28T01:34:10.812+0000] {logging_mixin.py:149} INFO - [2026-09-28T01:34:10.812+0000] {dagbag.py:541} INFO - Filling up the DagBag from /opt/airflow/dags/1_dag_flujo.py
[2026-09-28T01:34:10.937+0000] {processor.py:809} INFO - DAG(s) dict_keys(['cobertura_pipeline']) retrieved from /opt/airflow/dags/1_dag_flujo.py
[2026-09-28T01:34:10.999+0000] {logging_mixin.py:149} INFO - [2026-09-28T01:34:10.999+0000] {dag.py:2726} INFO - Sync 1 DAGs
[2026-09-28T01:34:11.049+0000] {logging_mixin.py:149} INFO - [2026-09-28T01:34:11.049+0000] {dag.py:3490} INFO - Setting next_dagrun for cobertura_pipeline to 2026-09-28T01:31:14.573066+00:00, run_after=2026-09-28T01:37:14.573066+00:00
[2026-09-28T01:34:11.111+0000] {processor.py:178} INFO - Processing /opt/airflow/dags/1_dag_flujo.py took 0.314 seconds
[2026-09-28T01:34:41.419+0000] {processor.py:156} INFO - Started process (PID=483) to work on /opt/airflow/dags/1_dag_flujo.py
[2026-09-28T01:34:41.428+0000] {processor.py:799} INFO - Processing file /opt/airflow/dags/1_dag_flujo.py for tasks to queue
[2026-09-28T01:34:41.430+0000] {logging_mixin.py:149} INFO - [2026-09-28T01:34:41.430+0000] {dagbag.py:541} INFO - Filling up the DagBag from /opt/airflow/dags/1_dag_flujo.py
[2026-09-28T01:34:41.565+0000] {processor.py:809} INFO - DAG(s) dict_keys(['cobertura_pipeline']) retrieved from /opt/airflow/dags/1_dag_flujo.py
[2026-09-28T01:34:41.623+0000] {logging_mixin.py:149} INFO - [2026-09-28T01:34:41.623+0000] {dag.py:2726} INFO - Sync 1 DAGs
[2026-09-28T01:34:41.701+0000] {logging_mixin.py:149} INFO - [2026-09-28T01:34:41.701+0000] {dag.py:3490} INFO - Setting next_dagrun for cobertura_pipeline to 2026-09-28T01:31:14.573066+00:00, run_after=2026-09-28T01:37:14.573066+00:00
[2026-09-28T01:34:41.758+0000] {processor.py:178} INFO - Processing /opt/airflow/dags/1_dag_flujo.py took 0.349 seconds
[2026-09-28T01:35:12.049+0000] {processor.py:156} INFO - Started process (PID=491) to work on /opt/airflow/dags/1_dag_flujo.py
[2026-09-28T01:35:12.052+0000] {processor.py:799} INFO - Processing file /opt/airflow/dags/1_dag_flujo.py for tasks to queue
[2026-09-28T01:35:12.055+0000] {logging_mixin.py:149} INFO - [2026-09-28T01:35:12.054+0000] {dagbag.py:541} INFO - Filling up the DagBag from /opt/airflow/dags/1_dag_flujo.py
[2026-09-28T01:35:12.201+0000] {processor.py:809} INFO - DAG(s) dict_keys(['cobertura_pipeline']) retrieved from /opt/airflow/dags/1_dag_flujo.py
[2026-09-28T01:35:12.275+0000] {logging_mixin.py:149} INFO - [2026-09-28T01:35:12.274+0000] {dag.py:2726} INFO - Sync 1 DAGs
[2026-09-28T01:35:12.343+0000] {logging_mixin.py:149} INFO - [2026-09-28T01:35:12.343+0000] {dag.py:3490} INFO - Setting next_dagrun for cobertura_pipeline to 2026-09-28T01:31:14.573066+00:00, run_after=2026-09-28T01:37:14.573066+00:00
[2026-09-28T01:35:12.400+0000] {processor.py:178} INFO - Processing /opt/airflow/dags/1_dag_flujo.py took 0.362 seconds
[2026-09-28T01:35:42.694+0000] {processor.py:156} INFO - Started process (PID=499) to work on /opt/airflow/dags/1_dag_flujo.py
[2026-09-28T01:35:42.698+0000] {processor.py:799} INFO - Processing file /opt/airflow/dags/1_dag_flujo.py for tasks to queue
[2026-09-28T01:35:42.701+0000] {logging_mixin.py:149} INFO - [2026-09-28T01:35:42.701+0000] {dagbag.py:541} INFO - Filling up the DagBag from /opt/airflow/dags/1_dag_flujo.py
[2026-09-28T01:35:42.834+0000] {processor.py:809} INFO - DAG(s) dict_keys(['cobertura_pipeline']) retrieved from /opt/airflow/dags/1_dag_flujo.py
[2026-09-28T01:35:42.900+0000] {logging_mixin.py:149} INFO - [2026-09-28T01:35:42.900+0000] {dag.py:2726} INFO - Sync 1 DAGs
[2026-09-28T01:35:42.953+0000] {logging_mixin.py:149} INFO - [2026-09-28T01:35:42.952+0000] {dag.py:3490} INFO - Setting next_dagrun for cobertura_pipeline to 2026-09-28T01:31:14.573066+00:00, run_after=2026-09-28T01:37:14.573066+00:00
[2026-09-28T01:35:43.003+0000] {processor.py:178} INFO - Processing /opt/airflow/dags/1_dag_flujo.py took 0.321 seconds
[2026-09-28T01:36:13.312+0000] {processor.py:156} INFO - Started process (PID=507) to work on /opt/airflow/dags/1_dag_flujo.py
[2026-09-28T01:36:13.316+0000] {processor.py:799} INFO - Processing file /opt/airflow/dags/1_dag_flujo.py for tasks to queue
[2026-09-28T01:36:13.318+0000] {logging_mixin.py:149} INFO - [2026-09-28T01:36:13.318+0000] {dagbag.py:541} INFO - Filling up the DagBag from /opt/airflow/dags/1_dag_flujo.py
[2026-09-28T01:36:13.448+0000] {processor.py:809} INFO - DAG(s) dict_keys(['cobertura_pipeline']) retrieved from /opt/airflow/dags/1_dag_flujo.py
[2026-09-28T01:36:13.503+0000] {logging_mixin.py:149} INFO - [2026-09-28T01:36:13.502+0000] {dag.py:2726} INFO - Sync 1 DAGs
[2026-09-28T01:36:13.537+0000] {logging_mixin.py:149} INFO - [2026-09-28T01:36:13.537+0000] {dag.py:3490} INFO - Setting next_dagrun for cobertura_pipeline to 2026-09-28T01:31:14.573066+00:00, run_after=2026-09-28T01:37:14.573066+00:00
[2026-09-28T01:36:13.582+0000] {processor.py:178} INFO - Processing /opt/airflow/dags/1_dag_flujo.py took 0.281 seconds
[2026-09-28T01:36:43.901+0000] {processor.py:156} INFO - Started process (PID=515) to work on /opt/airflow/dags/1_dag_flujo.py
[2026-09-28T01:36:43.906+0000] {processor.py:799} INFO - Processing file /opt/airflow/dags/1_dag_flujo.py for tasks to queue
[2026-09-28T01:36:43.909+0000] {logging_mixin.py:149} INFO - [2026-09-28T01:36:43.908+0000] {dagbag.py:541} INFO - Filling up the DagBag from /opt/airflow/dags/1_dag_flujo.py
[2026-09-28T01:36:44.103+0000] {processor.py:809} INFO - DAG(s) dict_keys(['cobertura_pipeline']) retrieved from /opt/airflow/dags/1_dag_flujo.py
[2026-09-28T01:36:44.184+0000] {logging_mixin.py:149} INFO - [2026-09-28T01:36:44.184+0000] {dag.py:2726} INFO - Sync 1 DAGs
[2026-09-28T01:36:44.254+0000] {logging_mixin.py:149} INFO - [2026-09-28T01:36:44.253+0000] {dag.py:3490} INFO - Setting next_dagrun for cobertura_pipeline to 2026-09-28T01:31:14.573066+00:00, run_after=2026-09-28T01:37:14.573066+00:00
[2026-09-28T01:36:44.315+0000] {processor.py:178} INFO - Processing /opt/airflow/dags/1_dag_flujo.py took 0.425 seconds
[2026-09-28T01:37:14.603+0000] {processor.py:156} INFO - Started process (PID=523) to work on /opt/airflow/dags/1_dag_flujo.py
[2026-09-28T01:37:14.607+0000] {processor.py:799} INFO - Processing file /opt/airflow/dags/1_dag_flujo.py for tasks to queue
[2026-09-28T01:37:14.608+0000] {logging_mixin.py:149} INFO - [2026-09-28T01:37:14.608+0000] {dagbag.py:541} INFO - Filling up the DagBag from /opt/airflow/dags/1_dag_flujo.py
[2026-09-28T01:37:14.737+0000] {processor.py:809} INFO - DAG(s) dict_keys(['cobertura_pipeline']) retrieved from /opt/airflow/dags/1_dag_flujo.py
[2026-09-28T01:37:14.823+0000] {logging_mixin.py:149} INFO - [2026-09-28T01:37:14.822+0000] {dag.py:2726} INFO - Sync 1 DAGs
[2026-09-28T01:37:14.903+0000] {logging_mixin.py:149} INFO - [2026-09-28T01:37:14.901+0000] {dag.py:3490} INFO - Setting next_dagrun for cobertura_pipeline to 2026-09-28T01:31:14.899558+00:00, run_after=2026-09-28T01:37:14.899558+00:00
[2026-09-28T01:37:14.969+0000] {processor.py:178} INFO - Processing /opt/airflow/dags/1_dag_flujo.py took 0.376 seconds
[2026-09-28T01:37:45.245+0000] {processor.py:156} INFO - Started process (PID=531) to work on /opt/airflow/dags/1_dag_flujo.py
[2026-09-28T01:37:45.249+0000] {processor.py:799} INFO - Processing file /opt/airflow/dags/1_dag_flujo.py for tasks to queue
[2026-09-28T01:37:45.250+0000] {logging_mixin.py:149} INFO - [2026-09-28T01:37:45.250+0000] {dagbag.py:541} INFO - Filling up the DagBag from /opt/airflow/dags/1_dag_flujo.py
[2026-09-28T01:37:45.415+0000] {processor.py:809} INFO - DAG(s) dict_keys(['cobertura_pipeline']) retrieved from /opt/airflow/dags/1_dag_flujo.py
[2026-09-28T01:37:45.471+0000] {logging_mixin.py:149} INFO - [2026-09-28T01:37:45.471+0000] {dag.py:2726} INFO - Sync 1 DAGs
[2026-09-28T01:37:45.516+0000] {logging_mixin.py:149} INFO - [2026-09-28T01:37:45.516+0000] {dag.py:3490} INFO - Setting next_dagrun for cobertura_pipeline to 2026-09-28T01:37:14.899558+00:00, run_after=2026-09-28T01:43:14.899558+00:00
[2026-09-28T01:37:45.565+0000] {processor.py:178} INFO - Processing /opt/airflow/dags/1_dag_flujo.py took 0.330 seconds
[2026-09-28T01:38:15.874+0000] {processor.py:156} INFO - Started process (PID=546) to work on /opt/airflow/dags/1_dag_flujo.py
[2026-09-28T01:38:15.878+0000] {processor.py:799} INFO - Processing file /opt/airflow/dags/1_dag_flujo.py for tasks to queue
[2026-09-28T01:38:15.880+0000] {logging_mixin.py:149} INFO - [2026-09-28T01:38:15.880+0000] {dagbag.py:541} INFO - Filling up the DagBag from /opt/airflow/dags/1_dag_flujo.py
[2026-09-28T01:38:16.015+0000] {processor.py:809} INFO - DAG(s) dict_keys(['cobertura_pipeline']) retrieved from /opt/airflow/dags/1_dag_flujo.py
[2026-09-28T01:38:16.094+0000] {logging_mixin.py:149} INFO - [2026-09-28T01:38:16.093+0000] {dag.py:2726} INFO - Sync 1 DAGs
[2026-09-28T01:38:16.162+0000] {logging_mixin.py:149} INFO - [2026-09-28T01:38:16.162+0000] {dag.py:3490} INFO - Setting next_dagrun for cobertura_pipeline to 2026-09-28T01:37:14.899558+00:00, run_after=2026-09-28T01:43:14.899558+00:00
[2026-09-28T01:38:16.216+0000] {processor.py:178} INFO - Processing /opt/airflow/dags/1_dag_flujo.py took 0.358 seconds
[2026-09-28T01:38:46.532+0000] {processor.py:156} INFO - Started process (PID=554) to work on /opt/airflow/dags/1_dag_flujo.py
[2026-09-28T01:38:46.536+0000] {processor.py:799} INFO - Processing file /opt/airflow/dags/1_dag_flujo.py for tasks to queue
[2026-09-28T01:38:46.538+0000] {logging_mixin.py:149} INFO - [2026-09-28T01:38:46.537+0000] {dagbag.py:541} INFO - Filling up the DagBag from /opt/airflow/dags/1_dag_flujo.py
[2026-09-28T01:38:46.698+0000] {processor.py:809} INFO - DAG(s) dict_keys(['cobertura_pipeline']) retrieved from /opt/airflow/dags/1_dag_flujo.py
[2026-09-28T01:38:46.785+0000] {logging_mixin.py:149} INFO - [2026-09-28T01:38:46.785+0000] {dag.py:2726} INFO - Sync 1 DAGs
[2026-09-28T01:38:46.849+0000] {logging_mixin.py:149} INFO - [2026-09-28T01:38:46.848+0000] {dag.py:3490} INFO - Setting next_dagrun for cobertura_pipeline to 2026-09-28T01:37:14.899558+00:00, run_after=2026-09-28T01:43:14.899558+00:00
[2026-09-28T01:38:46.923+0000] {processor.py:178} INFO - Processing /opt/airflow/dags/1_dag_flujo.py took 0.402 seconds
[2026-09-28T01:39:17.234+0000] {processor.py:156} INFO - Started process (PID=563) to work on /opt/airflow/dags/1_dag_flujo.py
[2026-09-28T01:39:17.238+0000] {processor.py:799} INFO - Processing file /opt/airflow/dags/1_dag_flujo.py for tasks to queue
[2026-09-28T01:39:17.241+0000] {logging_mixin.py:149} INFO - [2026-09-28T01:39:17.240+0000] {dagbag.py:541} INFO - Filling up the DagBag from /opt/airflow/dags/1_dag_flujo.py
[2026-09-28T01:39:17.376+0000] {processor.py:809} INFO - DAG(s) dict_keys(['cobertura_pipeline']) retrieved from /opt/airflow/dags/1_dag_flujo.py
[2026-09-28T01:39:17.457+0000] {logging_mixin.py:149} INFO - [2026-09-28T01:39:17.457+0000] {dag.py:2726} INFO - Sync 1 DAGs
[2026-09-28T01:39:17.518+0000] {logging_mixin.py:149} INFO - [2026-09-28T01:39:17.518+0000] {dag.py:3490} INFO - Setting next_dagrun for cobertura_pipeline to 2026-09-28T01:37:14.899558+00:00, run_after=2026-09-28T01:43:14.899558+00:00
[2026-09-28T01:39:17.575+0000] {processor.py:178} INFO - Processing /opt/airflow/dags/1_dag_flujo.py took 0.354 seconds
[2026-09-28T01:39:47.892+0000] {processor.py:156} INFO - Started process (PID=571) to work on /opt/airflow/dags/1_dag_flujo.py
[2026-09-28T01:39:47.896+0000] {processor.py:799} INFO - Processing file /opt/airflow/dags/1_dag_flujo.py for tasks to queue
[2026-09-28T01:39:47.898+0000] {logging_mixin.py:149} INFO - [2026-09-28T01:39:47.897+0000] {dagbag.py:541} INFO - Filling up the DagBag from /opt/airflow/dags/1_dag_flujo.py
[2026-09-28T01:39:48.064+0000] {processor.py:809} INFO - DAG(s) dict_keys(['cobertura_pipeline']) retrieved from /opt/airflow/dags/1_dag_flujo.py
[2026-09-28T01:39:48.141+0000] {logging_mixin.py:149} INFO - [2026-09-28T01:39:48.140+0000] {dag.py:2726} INFO - Sync 1 DAGs
[2026-09-28T01:39:48.224+0000] {logging_mixin.py:149} INFO - [2026-09-28T01:39:48.224+0000] {dag.py:3490} INFO - Setting next_dagrun for cobertura_pipeline to 2026-09-28T01:37:14.899558+00:00, run_after=2026-09-28T01:43:14.899558+00:00
[2026-09-28T01:39:48.279+0000] {processor.py:178} INFO - Processing /opt/airflow/dags/1_dag_flujo.py took 0.397 seconds
[2026-09-28T01:40:18.580+0000] {processor.py:156} INFO - Started process (PID=579) to work on /opt/airflow/dags/1_dag_flujo.py
[2026-09-28T01:40:18.584+0000] {processor.py:799} INFO - Processing file /opt/airflow/dags/1_dag_flujo.py for tasks to queue
[2026-09-28T01:40:18.586+0000] {logging_mixin.py:149} INFO - [2026-09-28T01:40:18.585+0000] {dagbag.py:541} INFO - Filling up the DagBag from /opt/airflow/dags/1_dag_flujo.py
[2026-09-28T01:40:18.714+0000] {processor.py:809} INFO - DAG(s) dict_keys(['cobertura_pipeline']) retrieved from /opt/airflow/dags/1_dag_flujo.py
[2026-09-28T01:40:18.790+0000] {logging_mixin.py:149} INFO - [2026-09-28T01:40:18.790+0000] {dag.py:2726} INFO - Sync 1 DAGs
[2026-09-28T01:40:18.870+0000] {logging_mixin.py:149} INFO - [2026-09-28T01:40:18.869+0000] {dag.py:3490} INFO - Setting next_dagrun for cobertura_pipeline to 2026-09-28T01:37:14.899558+00:00, run_after=2026-09-28T01:43:14.899558+00:00
[2026-09-28T01:40:18.926+0000] {processor.py:178} INFO - Processing /opt/airflow/dags/1_dag_flujo.py took 0.358 seconds
[2026-09-28T01:40:49.224+0000] {processor.py:156} INFO - Started process (PID=587) to work on /opt/airflow/dags/1_dag_flujo.py
[2026-09-28T01:40:49.230+0000] {processor.py:799} INFO - Processing file /opt/airflow/dags/1_dag_flujo.py for tasks to queue
[2026-09-28T01:40:49.233+0000] {logging_mixin.py:149} INFO - [2026-09-28T01:40:49.232+0000] {dagbag.py:541} INFO - Filling up the DagBag from /opt/airflow/dags/1_dag_flujo.py
[2026-09-28T01:40:49.373+0000] {processor.py:809} INFO - DAG(s) dict_keys(['cobertura_pipeline']) retrieved from /opt/airflow/dags/1_dag_flujo.py
[2026-09-28T01:40:49.434+0000] {logging_mixin.py:149} INFO - [2026-09-28T01:40:49.434+0000] {dag.py:2726} INFO - Sync 1 DAGs
[2026-09-28T01:40:49.491+0000] {logging_mixin.py:149} INFO - [2026-09-28T01:40:49.490+0000] {dag.py:3490} INFO - Setting next_dagrun for cobertura_pipeline to 2026-09-28T01:37:14.899558+00:00, run_after=2026-09-28T01:43:14.899558+00:00
[2026-09-28T01:40:49.556+0000] {processor.py:178} INFO - Processing /opt/airflow/dags/1_dag_flujo.py took 0.344 seconds
[2026-09-28T01:41:19.862+0000] {processor.py:156} INFO - Started process (PID=595) to work on /opt/airflow/dags/1_dag_flujo.py
[2026-09-28T01:41:19.866+0000] {processor.py:799} INFO - Processing file /opt/airflow/dags/1_dag_flujo.py for tasks to queue
[2026-09-28T01:41:19.868+0000] {logging_mixin.py:149} INFO - [2026-09-28T01:41:19.868+0000] {dagbag.py:541} INFO - Filling up the DagBag from /opt/airflow/dags/1_dag_flujo.py
[2026-09-28T01:41:20.031+0000] {processor.py:809} INFO - DAG(s) dict_keys(['cobertura_pipeline']) retrieved from /opt/airflow/dags/1_dag_flujo.py
[2026-09-28T01:41:20.104+0000] {logging_mixin.py:149} INFO - [2026-09-28T01:41:20.104+0000] {dag.py:2726} INFO - Sync 1 DAGs
[2026-09-28T01:41:20.195+0000] {logging_mixin.py:149} INFO - [2026-09-28T01:41:20.194+0000] {dag.py:3490} INFO - Setting next_dagrun for cobertura_pipeline to 2026-09-28T01:37:14.899558+00:00, run_after=2026-09-28T01:43:14.899558+00:00
[2026-09-28T01:41:20.257+0000] {processor.py:178} INFO - Processing /opt/airflow/dags/1_dag_flujo.py took 0.407 seconds
[2026-09-28T01:41:50.567+0000] {processor.py:156} INFO - Started process (PID=604) to work on /opt/airflow/dags/1_dag_flujo.py
[2026-09-28T01:41:50.571+0000] {processor.py:799} INFO - Processing file /opt/airflow/dags/1_dag_flujo.py for tasks to queue
[2026-09-28T01:41:50.573+0000] {logging_mixin.py:149} INFO - [2026-09-28T01:41:50.572+0000] {dagbag.py:541} INFO - Filling up the DagBag from /opt/airflow/dags/1_dag_flujo.py
[2026-09-28T01:41:50.708+0000] {processor.py:809} INFO - DAG(s) dict_keys(['cobertura_pipeline']) retrieved from /opt/airflow/dags/1_dag_flujo.py
[2026-09-28T01:41:50.755+0000] {logging_mixin.py:149} INFO - [2026-09-28T01:41:50.755+0000] {dag.py:2726} INFO - Sync 1 DAGs
[2026-09-28T01:41:50.789+0000] {logging_mixin.py:149} INFO - [2026-09-28T01:41:50.789+0000] {dag.py:3490} INFO - Setting next_dagrun for cobertura_pipeline to 2026-09-28T01:37:14.899558+00:00, run_after=2026-09-28T01:43:14.899558+00:00
[2026-09-28T01:41:50.813+0000] {processor.py:178} INFO - Processing /opt/airflow/dags/1_dag_flujo.py took 0.258 seconds
[2026-09-28T01:42:21.098+0000] {processor.py:156} INFO - Started process (PID=612) to work on /opt/airflow/dags/1_dag_flujo.py
[2026-09-28T01:42:21.102+0000] {processor.py:799} INFO - Processing file /opt/airflow/dags/1_dag_flujo.py for tasks to queue
[2026-09-28T01:42:21.104+0000] {logging_mixin.py:149} INFO - [2026-09-28T01:42:21.104+0000] {dagbag.py:541} INFO - Filling up the DagBag from /opt/airflow/dags/1_dag_flujo.py
[2026-09-28T01:42:21.249+0000] {processor.py:809} INFO - DAG(s) dict_keys(['cobertura_pipeline']) retrieved from /opt/airflow/dags/1_dag_flujo.py
[2026-09-28T01:42:21.327+0000] {logging_mixin.py:149} INFO - [2026-09-28T01:42:21.327+0000] {dag.py:2726} INFO - Sync 1 DAGs
[2026-09-28T01:42:21.396+0000] {logging_mixin.py:149} INFO - [2026-09-28T01:42:21.396+0000] {dag.py:3490} INFO - Setting next_dagrun for cobertura_pipeline to 2026-09-28T01:37:14.899558+00:00, run_after=2026-09-28T01:43:14.899558+00:00
[2026-09-28T01:42:21.459+0000] {processor.py:178} INFO - Processing /opt/airflow/dags/1_dag_flujo.py took 0.372 seconds
[2026-09-28T01:42:51.755+0000] {processor.py:156} INFO - Started process (PID=621) to work on /opt/airflow/dags/1_dag_flujo.py
[2026-09-28T01:42:51.761+0000] {processor.py:799} INFO - Processing file /opt/airflow/dags/1_dag_flujo.py for tasks to queue
[2026-09-28T01:42:51.765+0000] {logging_mixin.py:149} INFO - [2026-09-28T01:42:51.764+0000] {dagbag.py:541} INFO - Filling up the DagBag from /opt/airflow/dags/1_dag_flujo.py
[2026-09-28T01:42:51.904+0000] {processor.py:809} INFO - DAG(s) dict_keys(['cobertura_pipeline']) retrieved from /opt/airflow/dags/1_dag_flujo.py
[2026-09-28T01:42:51.980+0000] {logging_mixin.py:149} INFO - [2026-09-28T01:42:51.979+0000] {dag.py:2726} INFO - Sync 1 DAGs
[2026-09-28T01:42:52.042+0000] {logging_mixin.py:149} INFO - [2026-09-28T01:42:52.042+0000] {dag.py:3490} INFO - Setting next_dagrun for cobertura_pipeline to 2026-09-28T01:37:14.899558+00:00, run_after=2026-09-28T01:43:14.899558+00:00
[2026-09-28T01:42:52.084+0000] {processor.py:178} INFO - Processing /opt/airflow/dags/1_dag_flujo.py took 0.340 seconds
[2026-09-28T01:43:22.363+0000] {processor.py:156} INFO - Started process (PID=630) to work on /opt/airflow/dags/1_dag_flujo.py
[2026-09-28T01:43:22.366+0000] {processor.py:799} INFO - Processing file /opt/airflow/dags/1_dag_flujo.py for tasks to queue
[2026-09-28T01:43:22.368+0000] {logging_mixin.py:149} INFO - [2026-09-28T01:43:22.368+0000] {dagbag.py:541} INFO - Filling up the DagBag from /opt/airflow/dags/1_dag_flujo.py
[2026-09-28T01:43:22.498+0000] {processor.py:809} INFO - DAG(s) dict_keys(['cobertura_pipeline']) retrieved from /opt/airflow/dags/1_dag_flujo.py
[2026-09-28T01:43:22.566+0000] {logging_mixin.py:149} INFO - [2026-09-28T01:43:22.566+0000] {dag.py:2726} INFO - Sync 1 DAGs
[2026-09-28T01:43:22.690+0000] {processor.py:178} INFO - Processing /opt/airflow/dags/1_dag_flujo.py took 0.338 seconds
[2026-09-28T01:43:52.979+0000] {processor.py:156} INFO - Started process (PID=638) to work on /opt/airflow/dags/1_dag_flujo.py
[2026-09-28T01:43:52.983+0000] {processor.py:799} INFO - Processing file /opt/airflow/dags/1_dag_flujo.py for tasks to queue
[2026-09-28T01:43:52.985+0000] {logging_mixin.py:149} INFO - [2026-09-28T01:43:52.984+0000] {dagbag.py:541} INFO - Filling up the DagBag from /opt/airflow/dags/1_dag_flujo.py
[2026-09-28T01:43:53.114+0000] {processor.py:809} INFO - DAG(s) dict_keys(['cobertura_pipeline']) retrieved from /opt/airflow/dags/1_dag_flujo.py
[2026-09-28T01:43:53.178+0000] {logging_mixin.py:149} INFO - [2026-09-28T01:43:53.178+0000] {dag.py:2726} INFO - Sync 1 DAGs
[2026-09-28T01:43:53.235+0000] {logging_mixin.py:149} INFO - [2026-09-28T01:43:53.235+0000] {dag.py:3490} INFO - Setting next_dagrun for cobertura_pipeline to 2026-09-28T01:43:14.899558+00:00, run_after=2026-09-28T01:49:14.899558+00:00
[2026-09-28T01:43:53.291+0000] {processor.py:178} INFO - Processing /opt/airflow/dags/1_dag_flujo.py took 0.322 seconds
[2026-09-28T01:44:23.599+0000] {processor.py:156} INFO - Started process (PID=647) to work on /opt/airflow/dags/1_dag_flujo.py
[2026-09-28T01:44:23.602+0000] {processor.py:799} INFO - Processing file /opt/airflow/dags/1_dag_flujo.py for tasks to queue
[2026-09-28T01:44:23.604+0000] {logging_mixin.py:149} INFO - [2026-09-28T01:44:23.604+0000] {dagbag.py:541} INFO - Filling up the DagBag from /opt/airflow/dags/1_dag_flujo.py
[2026-09-28T01:44:23.740+0000] {processor.py:809} INFO - DAG(s) dict_keys(['cobertura_pipeline']) retrieved from /opt/airflow/dags/1_dag_flujo.py
[2026-09-28T01:44:23.823+0000] {logging_mixin.py:149} INFO - [2026-09-28T01:44:23.822+0000] {dag.py:2726} INFO - Sync 1 DAGs
[2026-09-28T01:44:23.897+0000] {logging_mixin.py:149} INFO - [2026-09-28T01:44:23.896+0000] {dag.py:3490} INFO - Setting next_dagrun for cobertura_pipeline to 2026-09-28T01:43:14.899558+00:00, run_after=2026-09-28T01:49:14.899558+00:00
[2026-09-28T01:44:23.957+0000] {processor.py:178} INFO - Processing /opt/airflow/dags/1_dag_flujo.py took 0.369 seconds
[2026-09-28T01:44:54.235+0000] {processor.py:156} INFO - Started process (PID=656) to work on /opt/airflow/dags/1_dag_flujo.py
[2026-09-28T01:44:54.240+0000] {processor.py:799} INFO - Processing file /opt/airflow/dags/1_dag_flujo.py for tasks to queue
[2026-09-28T01:44:54.242+0000] {logging_mixin.py:149} INFO - [2026-09-28T01:44:54.242+0000] {dagbag.py:541} INFO - Filling up the DagBag from /opt/airflow/dags/1_dag_flujo.py
[2026-09-28T01:44:54.405+0000] {processor.py:809} INFO - DAG(s) dict_keys(['cobertura_pipeline']) retrieved from /opt/airflow/dags/1_dag_flujo.py
[2026-09-28T01:44:54.486+0000] {logging_mixin.py:149} INFO - [2026-09-28T01:44:54.485+0000] {dag.py:2726} INFO - Sync 1 DAGs
[2026-09-28T01:44:54.555+0000] {logging_mixin.py:149} INFO - [2026-09-28T01:44:54.555+0000] {dag.py:3490} INFO - Setting next_dagrun for cobertura_pipeline to 2026-09-28T01:43:14.899558+00:00, run_after=2026-09-28T01:49:14.899558+00:00
[2026-09-28T01:44:54.612+0000] {processor.py:178} INFO - Processing /opt/airflow/dags/1_dag_flujo.py took 0.388 seconds
[2026-09-28T01:45:24.905+0000] {processor.py:156} INFO - Started process (PID=665) to work on /opt/airflow/dags/1_dag_flujo.py
[2026-09-28T01:45:24.910+0000] {processor.py:799} INFO - Processing file /opt/airflow/dags/1_dag_flujo.py for tasks to queue
[2026-09-28T01:45:24.912+0000] {logging_mixin.py:149} INFO - [2026-09-28T01:45:24.912+0000] {dagbag.py:541} INFO - Filling up the DagBag from /opt/airflow/dags/1_dag_flujo.py
[2026-09-28T01:45:25.071+0000] {processor.py:809} INFO - DAG(s) dict_keys(['cobertura_pipeline']) retrieved from /opt/airflow/dags/1_dag_flujo.py
[2026-09-28T01:45:25.142+0000] {logging_mixin.py:149} INFO - [2026-09-28T01:45:25.142+0000] {dag.py:2726} INFO - Sync 1 DAGs
[2026-09-28T01:45:25.209+0000] {logging_mixin.py:149} INFO - [2026-09-28T01:45:25.208+0000] {dag.py:3490} INFO - Setting next_dagrun for cobertura_pipeline to 2026-09-28T01:43:14.899558+00:00, run_after=2026-09-28T01:49:14.899558+00:00
[2026-09-28T01:45:25.271+0000] {processor.py:178} INFO - Processing /opt/airflow/dags/1_dag_flujo.py took 0.377 seconds
[2026-09-28T01:45:55.590+0000] {processor.py:156} INFO - Started process (PID=673) to work on /opt/airflow/dags/1_dag_flujo.py
[2026-09-28T01:45:55.593+0000] {processor.py:799} INFO - Processing file /opt/airflow/dags/1_dag_flujo.py for tasks to queue
[2026-09-28T01:45:55.594+0000] {logging_mixin.py:149} INFO - [2026-09-28T01:45:55.594+0000] {dagbag.py:541} INFO - Filling up the DagBag from /opt/airflow/dags/1_dag_flujo.py
[2026-09-28T01:45:55.714+0000] {processor.py:809} INFO - DAG(s) dict_keys(['cobertura_pipeline']) retrieved from /opt/airflow/dags/1_dag_flujo.py
[2026-09-28T01:45:55.782+0000] {logging_mixin.py:149} INFO - [2026-09-28T01:45:55.781+0000] {dag.py:2726} INFO - Sync 1 DAGs
[2026-09-28T01:45:55.853+0000] {logging_mixin.py:149} INFO - [2026-09-28T01:45:55.852+0000] {dag.py:3490} INFO - Setting next_dagrun for cobertura_pipeline to 2026-09-28T01:43:14.899558+00:00, run_after=2026-09-28T01:49:14.899558+00:00
[2026-09-28T01:45:55.914+0000] {processor.py:178} INFO - Processing /opt/airflow/dags/1_dag_flujo.py took 0.334 seconds
[2026-09-28T01:46:26.202+0000] {processor.py:156} INFO - Started process (PID=681) to work on /opt/airflow/dags/1_dag_flujo.py
[2026-09-28T01:46:26.206+0000] {processor.py:799} INFO - Processing file /opt/airflow/dags/1_dag_flujo.py for tasks to queue
[2026-09-28T01:46:26.208+0000] {logging_mixin.py:149} INFO - [2026-09-28T01:46:26.208+0000] {dagbag.py:541} INFO - Filling up the DagBag from /opt/airflow/dags/1_dag_flujo.py
[2026-09-28T01:46:26.349+0000] {processor.py:809} INFO - DAG(s) dict_keys(['cobertura_pipeline']) retrieved from /opt/airflow/dags/1_dag_flujo.py
[2026-09-28T01:46:26.454+0000] {logging_mixin.py:149} INFO - [2026-09-28T01:46:26.454+0000] {dag.py:2726} INFO - Sync 1 DAGs
[2026-09-28T01:46:26.531+0000] {logging_mixin.py:149} INFO - [2026-09-28T01:46:26.530+0000] {dag.py:3490} INFO - Setting next_dagrun for cobertura_pipeline to 2026-09-28T01:43:14.899558+00:00, run_after=2026-09-28T01:49:14.899558+00:00
[2026-09-28T01:46:26.593+0000] {processor.py:178} INFO - Processing /opt/airflow/dags/1_dag_flujo.py took 0.401 seconds
[2026-09-28T01:46:56.939+0000] {processor.py:156} INFO - Started process (PID=689) to work on /opt/airflow/dags/1_dag_flujo.py
[2026-09-28T01:46:56.943+0000] {processor.py:799} INFO - Processing file /opt/airflow/dags/1_dag_flujo.py for tasks to queue
[2026-09-28T01:46:56.946+0000] {logging_mixin.py:149} INFO - [2026-09-28T01:46:56.945+0000] {dagbag.py:541} INFO - Filling up the DagBag from /opt/airflow/dags/1_dag_flujo.py
[2026-09-28T01:46:57.117+0000] {processor.py:809} INFO - DAG(s) dict_keys(['cobertura_pipeline']) retrieved from /opt/airflow/dags/1_dag_flujo.py
[2026-09-28T01:46:57.199+0000] {logging_mixin.py:149} INFO - [2026-09-28T01:46:57.198+0000] {dag.py:2726} INFO - Sync 1 DAGs
[2026-09-28T01:46:57.268+0000] {logging_mixin.py:149} INFO - [2026-09-28T01:46:57.267+0000] {dag.py:3490} INFO - Setting next_dagrun for cobertura_pipeline to 2026-09-28T01:43:14.899558+00:00, run_after=2026-09-28T01:49:14.899558+00:00
[2026-09-28T01:46:57.326+0000] {processor.py:178} INFO - Processing /opt/airflow/dags/1_dag_flujo.py took 0.400 seconds
[2026-09-28T01:47:27.646+0000] {processor.py:156} INFO - Started process (PID=697) to work on /opt/airflow/dags/1_dag_flujo.py
[2026-09-28T01:47:27.652+0000] {processor.py:799} INFO - Processing file /opt/airflow/dags/1_dag_flujo.py for tasks to queue
[2026-09-28T01:47:27.654+0000] {logging_mixin.py:149} INFO - [2026-09-28T01:47:27.654+0000] {dagbag.py:541} INFO - Filling up the DagBag from /opt/airflow/dags/1_dag_flujo.py
[2026-09-28T01:47:27.799+0000] {processor.py:809} INFO - DAG(s) dict_keys(['cobertura_pipeline']) retrieved from /opt/airflow/dags/1_dag_flujo.py
[2026-09-28T01:47:27.886+0000] {logging_mixin.py:149} INFO - [2026-09-28T01:47:27.886+0000] {dag.py:2726} INFO - Sync 1 DAGs
[2026-09-28T01:47:27.966+0000] {logging_mixin.py:149} INFO - [2026-09-28T01:47:27.966+0000] {dag.py:3490} INFO - Setting next_dagrun for cobertura_pipeline to 2026-09-28T01:43:14.899558+00:00, run_after=2026-09-28T01:49:14.899558+00:00
[2026-09-28T01:47:28.031+0000] {processor.py:178} INFO - Processing /opt/airflow/dags/1_dag_flujo.py took 0.396 seconds
[2026-09-28T01:47:58.335+0000] {processor.py:156} INFO - Started process (PID=705) to work on /opt/airflow/dags/1_dag_flujo.py
[2026-09-28T01:47:58.341+0000] {processor.py:799} INFO - Processing file /opt/airflow/dags/1_dag_flujo.py for tasks to queue
[2026-09-28T01:47:58.343+0000] {logging_mixin.py:149} INFO - [2026-09-28T01:47:58.342+0000] {dagbag.py:541} INFO - Filling up the DagBag from /opt/airflow/dags/1_dag_flujo.py
[2026-09-28T01:47:58.523+0000] {processor.py:809} INFO - DAG(s) dict_keys(['cobertura_pipeline']) retrieved from /opt/airflow/dags/1_dag_flujo.py
[2026-09-28T01:47:58.607+0000] {logging_mixin.py:149} INFO - [2026-09-28T01:47:58.606+0000] {dag.py:2726} INFO - Sync 1 DAGs
[2026-09-28T01:47:58.673+0000] {logging_mixin.py:149} INFO - [2026-09-28T01:47:58.673+0000] {dag.py:3490} INFO - Setting next_dagrun for cobertura_pipeline to 2026-09-28T01:43:14.899558+00:00, run_after=2026-09-28T01:49:14.899558+00:00
[2026-09-28T01:47:58.736+0000] {processor.py:178} INFO - Processing /opt/airflow/dags/1_dag_flujo.py took 0.412 seconds
[2026-09-28T01:48:29.021+0000] {processor.py:156} INFO - Started process (PID=713) to work on /opt/airflow/dags/1_dag_flujo.py
[2026-09-28T01:48:29.024+0000] {processor.py:799} INFO - Processing file /opt/airflow/dags/1_dag_flujo.py for tasks to queue
[2026-09-28T01:48:29.027+0000] {logging_mixin.py:149} INFO - [2026-09-28T01:48:29.026+0000] {dagbag.py:541} INFO - Filling up the DagBag from /opt/airflow/dags/1_dag_flujo.py
[2026-09-28T01:48:29.158+0000] {processor.py:809} INFO - DAG(s) dict_keys(['cobertura_pipeline']) retrieved from /opt/airflow/dags/1_dag_flujo.py
[2026-09-28T01:48:29.239+0000] {logging_mixin.py:149} INFO - [2026-09-28T01:48:29.238+0000] {dag.py:2726} INFO - Sync 1 DAGs
[2026-09-28T01:48:29.315+0000] {logging_mixin.py:149} INFO - [2026-09-28T01:48:29.315+0000] {dag.py:3490} INFO - Setting next_dagrun for cobertura_pipeline to 2026-09-28T01:43:14.899558+00:00, run_after=2026-09-28T01:49:14.899558+00:00
[2026-09-28T01:48:29.375+0000] {processor.py:178} INFO - Processing /opt/airflow/dags/1_dag_flujo.py took 0.364 seconds
[2026-09-28T01:48:59.702+0000] {processor.py:156} INFO - Started process (PID=721) to work on /opt/airflow/dags/1_dag_flujo.py
[2026-09-28T01:48:59.706+0000] {processor.py:799} INFO - Processing file /opt/airflow/dags/1_dag_flujo.py for tasks to queue
[2026-09-28T01:48:59.708+0000] {logging_mixin.py:149} INFO - [2026-09-28T01:48:59.708+0000] {dagbag.py:541} INFO - Filling up the DagBag from /opt/airflow/dags/1_dag_flujo.py
[2026-09-28T01:48:59.858+0000] {processor.py:809} INFO - DAG(s) dict_keys(['cobertura_pipeline']) retrieved from /opt/airflow/dags/1_dag_flujo.py
[2026-09-28T01:48:59.919+0000] {logging_mixin.py:149} INFO - [2026-09-28T01:48:59.919+0000] {dag.py:2726} INFO - Sync 1 DAGs
[2026-09-28T01:48:59.988+0000] {logging_mixin.py:149} INFO - [2026-09-28T01:48:59.987+0000] {dag.py:3490} INFO - Setting next_dagrun for cobertura_pipeline to 2026-09-28T01:43:14.899558+00:00, run_after=2026-09-28T01:49:14.899558+00:00
[2026-09-28T01:49:00.050+0000] {processor.py:178} INFO - Processing /opt/airflow/dags/1_dag_flujo.py took 0.362 seconds
[2026-09-28T01:49:30.356+0000] {processor.py:156} INFO - Started process (PID=729) to work on /opt/airflow/dags/1_dag_flujo.py
[2026-09-28T01:49:30.360+0000] {processor.py:799} INFO - Processing file /opt/airflow/dags/1_dag_flujo.py for tasks to queue
[2026-09-28T01:49:30.361+0000] {logging_mixin.py:149} INFO - [2026-09-28T01:49:30.361+0000] {dagbag.py:541} INFO - Filling up the DagBag from /opt/airflow/dags/1_dag_flujo.py
[2026-09-28T01:49:30.542+0000] {processor.py:809} INFO - DAG(s) dict_keys(['cobertura_pipeline']) retrieved from /opt/airflow/dags/1_dag_flujo.py
[2026-09-28T01:49:30.636+0000] {logging_mixin.py:149} INFO - [2026-09-28T01:49:30.635+0000] {dag.py:2726} INFO - Sync 1 DAGs
[2026-09-28T01:49:30.720+0000] {processor.py:178} INFO - Processing /opt/airflow/dags/1_dag_flujo.py took 0.375 seconds
[2026-09-28T01:50:01.023+0000] {processor.py:156} INFO - Started process (PID=738) to work on /opt/airflow/dags/1_dag_flujo.py
[2026-09-28T01:50:01.031+0000] {processor.py:799} INFO - Processing file /opt/airflow/dags/1_dag_flujo.py for tasks to queue
[2026-09-28T01:50:01.033+0000] {logging_mixin.py:149} INFO - [2026-09-28T01:50:01.032+0000] {dagbag.py:541} INFO - Filling up the DagBag from /opt/airflow/dags/1_dag_flujo.py
[2026-09-28T01:50:01.170+0000] {processor.py:809} INFO - DAG(s) dict_keys(['cobertura_pipeline']) retrieved from /opt/airflow/dags/1_dag_flujo.py
[2026-09-28T01:50:01.235+0000] {logging_mixin.py:149} INFO - [2026-09-28T01:50:01.234+0000] {dag.py:2726} INFO - Sync 1 DAGs
[2026-09-28T01:50:01.295+0000] {logging_mixin.py:149} INFO - [2026-09-28T01:50:01.295+0000] {dag.py:3490} INFO - Setting next_dagrun for cobertura_pipeline to 2026-09-28T01:49:14.899558+00:00, run_after=2026-09-28T01:55:14.899558+00:00
[2026-09-28T01:50:01.359+0000] {processor.py:178} INFO - Processing /opt/airflow/dags/1_dag_flujo.py took 0.347 seconds
[2026-09-28T01:50:31.672+0000] {processor.py:156} INFO - Started process (PID=747) to work on /opt/airflow/dags/1_dag_flujo.py
[2026-09-28T01:50:31.675+0000] {processor.py:799} INFO - Processing file /opt/airflow/dags/1_dag_flujo.py for tasks to queue
[2026-09-28T01:50:31.678+0000] {logging_mixin.py:149} INFO - [2026-09-28T01:50:31.677+0000] {dagbag.py:541} INFO - Filling up the DagBag from /opt/airflow/dags/1_dag_flujo.py
[2026-09-28T01:50:31.816+0000] {processor.py:809} INFO - DAG(s) dict_keys(['cobertura_pipeline']) retrieved from /opt/airflow/dags/1_dag_flujo.py
[2026-09-28T01:50:31.882+0000] {logging_mixin.py:149} INFO - [2026-09-28T01:50:31.881+0000] {dag.py:2726} INFO - Sync 1 DAGs
[2026-09-28T01:50:31.938+0000] {logging_mixin.py:149} INFO - [2026-09-28T01:50:31.938+0000] {dag.py:3490} INFO - Setting next_dagrun for cobertura_pipeline to 2026-09-28T01:49:14.899558+00:00, run_after=2026-09-28T01:55:14.899558+00:00
[2026-09-28T01:50:31.987+0000] {processor.py:178} INFO - Processing /opt/airflow/dags/1_dag_flujo.py took 0.328 seconds
[2026-09-28T01:51:02.284+0000] {processor.py:156} INFO - Started process (PID=756) to work on /opt/airflow/dags/1_dag_flujo.py
[2026-09-28T01:51:02.287+0000] {processor.py:799} INFO - Processing file /opt/airflow/dags/1_dag_flujo.py for tasks to queue
[2026-09-28T01:51:02.288+0000] {logging_mixin.py:149} INFO - [2026-09-28T01:51:02.288+0000] {dagbag.py:541} INFO - Filling up the DagBag from /opt/airflow/dags/1_dag_flujo.py
[2026-09-28T01:51:02.400+0000] {processor.py:809} INFO - DAG(s) dict_keys(['cobertura_pipeline']) retrieved from /opt/airflow/dags/1_dag_flujo.py
[2026-09-28T01:51:02.488+0000] {logging_mixin.py:149} INFO - [2026-09-28T01:51:02.488+0000] {dag.py:2726} INFO - Sync 1 DAGs
[2026-09-28T01:51:02.550+0000] {logging_mixin.py:149} INFO - [2026-09-28T01:51:02.550+0000] {dag.py:3490} INFO - Setting next_dagrun for cobertura_pipeline to 2026-09-28T01:49:14.899558+00:00, run_after=2026-09-28T01:55:14.899558+00:00
[2026-09-28T01:51:02.608+0000] {processor.py:178} INFO - Processing /opt/airflow/dags/1_dag_flujo.py took 0.332 seconds
[2026-09-28T01:51:32.920+0000] {processor.py:156} INFO - Started process (PID=764) to work on /opt/airflow/dags/1_dag_flujo.py
[2026-09-28T01:51:32.924+0000] {processor.py:799} INFO - Processing file /opt/airflow/dags/1_dag_flujo.py for tasks to queue
[2026-09-28T01:51:32.926+0000] {logging_mixin.py:149} INFO - [2026-09-28T01:51:32.926+0000] {dagbag.py:541} INFO - Filling up the DagBag from /opt/airflow/dags/1_dag_flujo.py
[2026-09-28T01:51:33.056+0000] {processor.py:809} INFO - DAG(s) dict_keys(['cobertura_pipeline']) retrieved from /opt/airflow/dags/1_dag_flujo.py
[2026-09-28T01:51:33.142+0000] {logging_mixin.py:149} INFO - [2026-09-28T01:51:33.141+0000] {dag.py:2726} INFO - Sync 1 DAGs
[2026-09-28T01:51:33.211+0000] {logging_mixin.py:149} INFO - [2026-09-28T01:51:33.211+0000] {dag.py:3490} INFO - Setting next_dagrun for cobertura_pipeline to 2026-09-28T01:49:14.899558+00:00, run_after=2026-09-28T01:55:14.899558+00:00
[2026-09-28T01:51:33.275+0000] {processor.py:178} INFO - Processing /opt/airflow/dags/1_dag_flujo.py took 0.366 seconds
[2026-09-28T01:52:03.592+0000] {processor.py:156} INFO - Started process (PID=771) to work on /opt/airflow/dags/1_dag_flujo.py
[2026-09-28T01:52:03.596+0000] {processor.py:799} INFO - Processing file /opt/airflow/dags/1_dag_flujo.py for tasks to queue
[2026-09-28T01:52:03.598+0000] {logging_mixin.py:149} INFO - [2026-09-28T01:52:03.598+0000] {dagbag.py:541} INFO - Filling up the DagBag from /opt/airflow/dags/1_dag_flujo.py
[2026-09-28T01:52:03.747+0000] {processor.py:809} INFO - DAG(s) dict_keys(['cobertura_pipeline']) retrieved from /opt/airflow/dags/1_dag_flujo.py
[2026-09-28T01:52:03.813+0000] {logging_mixin.py:149} INFO - [2026-09-28T01:52:03.812+0000] {dag.py:2726} INFO - Sync 1 DAGs
[2026-09-28T01:52:03.875+0000] {logging_mixin.py:149} INFO - [2026-09-28T01:52:03.875+0000] {dag.py:3490} INFO - Setting next_dagrun for cobertura_pipeline to 2026-09-28T01:49:14.899558+00:00, run_after=2026-09-28T01:55:14.899558+00:00
[2026-09-28T01:52:03.931+0000] {processor.py:178} INFO - Processing /opt/airflow/dags/1_dag_flujo.py took 0.350 seconds
[2026-09-28T01:52:34.233+0000] {processor.py:156} INFO - Started process (PID=779) to work on /opt/airflow/dags/1_dag_flujo.py
[2026-09-28T01:52:34.236+0000] {processor.py:799} INFO - Processing file /opt/airflow/dags/1_dag_flujo.py for tasks to queue
[2026-09-28T01:52:34.239+0000] {logging_mixin.py:149} INFO - [2026-09-28T01:52:34.238+0000] {dagbag.py:541} INFO - Filling up the DagBag from /opt/airflow/dags/1_dag_flujo.py
[2026-09-28T01:52:34.387+0000] {processor.py:809} INFO - DAG(s) dict_keys(['cobertura_pipeline']) retrieved from /opt/airflow/dags/1_dag_flujo.py
[2026-09-28T01:52:34.431+0000] {logging_mixin.py:149} INFO - [2026-09-28T01:52:34.431+0000] {dag.py:2726} INFO - Sync 1 DAGs
[2026-09-28T01:52:34.473+0000] {logging_mixin.py:149} INFO - [2026-09-28T01:52:34.472+0000] {dag.py:3490} INFO - Setting next_dagrun for cobertura_pipeline to 2026-09-28T01:49:14.899558+00:00, run_after=2026-09-28T01:55:14.899558+00:00
[2026-09-28T01:52:34.533+0000] {processor.py:178} INFO - Processing /opt/airflow/dags/1_dag_flujo.py took 0.313 seconds
[2026-09-28T01:53:04.851+0000] {processor.py:156} INFO - Started process (PID=787) to work on /opt/airflow/dags/1_dag_flujo.py
[2026-09-28T01:53:04.857+0000] {processor.py:799} INFO - Processing file /opt/airflow/dags/1_dag_flujo.py for tasks to queue
[2026-09-28T01:53:04.859+0000] {logging_mixin.py:149} INFO - [2026-09-28T01:53:04.858+0000] {dagbag.py:541} INFO - Filling up the DagBag from /opt/airflow/dags/1_dag_flujo.py
[2026-09-28T01:53:04.986+0000] {processor.py:809} INFO - DAG(s) dict_keys(['cobertura_pipeline']) retrieved from /opt/airflow/dags/1_dag_flujo.py
[2026-09-28T01:53:05.039+0000] {logging_mixin.py:149} INFO - [2026-09-28T01:53:05.039+0000] {dag.py:2726} INFO - Sync 1 DAGs
[2026-09-28T01:53:05.115+0000] {logging_mixin.py:149} INFO - [2026-09-28T01:53:05.114+0000] {dag.py:3490} INFO - Setting next_dagrun for cobertura_pipeline to 2026-09-28T01:49:14.899558+00:00, run_after=2026-09-28T01:55:14.899558+00:00
[2026-09-28T01:53:05.175+0000] {processor.py:178} INFO - Processing /opt/airflow/dags/1_dag_flujo.py took 0.350 seconds
[2026-09-28T01:53:35.499+0000] {processor.py:156} INFO - Started process (PID=795) to work on /opt/airflow/dags/1_dag_flujo.py
[2026-09-28T01:53:35.504+0000] {processor.py:799} INFO - Processing file /opt/airflow/dags/1_dag_flujo.py for tasks to queue
[2026-09-28T01:53:35.506+0000] {logging_mixin.py:149} INFO - [2026-09-28T01:53:35.506+0000] {dagbag.py:541} INFO - Filling up the DagBag from /opt/airflow/dags/1_dag_flujo.py
[2026-09-28T01:53:35.662+0000] {processor.py:809} INFO - DAG(s) dict_keys(['cobertura_pipeline']) retrieved from /opt/airflow/dags/1_dag_flujo.py
[2026-09-28T01:53:35.744+0000] {logging_mixin.py:149} INFO - [2026-09-28T01:53:35.744+0000] {dag.py:2726} INFO - Sync 1 DAGs
[2026-09-28T01:53:35.840+0000] {logging_mixin.py:149} INFO - [2026-09-28T01:53:35.840+0000] {dag.py:3490} INFO - Setting next_dagrun for cobertura_pipeline to 2026-09-28T01:49:14.899558+00:00, run_after=2026-09-28T01:55:14.899558+00:00
[2026-09-28T01:53:35.896+0000] {processor.py:178} INFO - Processing /opt/airflow/dags/1_dag_flujo.py took 0.411 seconds
[2026-09-28T01:54:06.202+0000] {processor.py:156} INFO - Started process (PID=803) to work on /opt/airflow/dags/1_dag_flujo.py
[2026-09-28T01:54:06.205+0000] {processor.py:799} INFO - Processing file /opt/airflow/dags/1_dag_flujo.py for tasks to queue
[2026-09-28T01:54:06.208+0000] {logging_mixin.py:149} INFO - [2026-09-28T01:54:06.207+0000] {dagbag.py:541} INFO - Filling up the DagBag from /opt/airflow/dags/1_dag_flujo.py
[2026-09-28T01:54:06.334+0000] {processor.py:809} INFO - DAG(s) dict_keys(['cobertura_pipeline']) retrieved from /opt/airflow/dags/1_dag_flujo.py
[2026-09-28T01:54:06.413+0000] {logging_mixin.py:149} INFO - [2026-09-28T01:54:06.413+0000] {dag.py:2726} INFO - Sync 1 DAGs
[2026-09-28T01:54:06.480+0000] {logging_mixin.py:149} INFO - [2026-09-28T01:54:06.480+0000] {dag.py:3490} INFO - Setting next_dagrun for cobertura_pipeline to 2026-09-28T01:49:14.899558+00:00, run_after=2026-09-28T01:55:14.899558+00:00
[2026-09-28T01:54:06.544+0000] {processor.py:178} INFO - Processing /opt/airflow/dags/1_dag_flujo.py took 0.353 seconds
[2026-09-28T01:54:36.828+0000] {processor.py:156} INFO - Started process (PID=811) to work on /opt/airflow/dags/1_dag_flujo.py
[2026-09-28T01:54:36.832+0000] {processor.py:799} INFO - Processing file /opt/airflow/dags/1_dag_flujo.py for tasks to queue
[2026-09-28T01:54:36.835+0000] {logging_mixin.py:149} INFO - [2026-09-28T01:54:36.834+0000] {dagbag.py:541} INFO - Filling up the DagBag from /opt/airflow/dags/1_dag_flujo.py
[2026-09-28T01:54:37.025+0000] {processor.py:809} INFO - DAG(s) dict_keys(['cobertura_pipeline']) retrieved from /opt/airflow/dags/1_dag_flujo.py
[2026-09-28T01:54:37.114+0000] {logging_mixin.py:149} INFO - [2026-09-28T01:54:37.114+0000] {dag.py:2726} INFO - Sync 1 DAGs
[2026-09-28T01:54:37.194+0000] {logging_mixin.py:149} INFO - [2026-09-28T01:54:37.193+0000] {dag.py:3490} INFO - Setting next_dagrun for cobertura_pipeline to 2026-09-28T01:49:14.899558+00:00, run_after=2026-09-28T01:55:14.899558+00:00
[2026-09-28T01:54:37.253+0000] {processor.py:178} INFO - Processing /opt/airflow/dags/1_dag_flujo.py took 0.437 seconds
[2026-09-28T01:55:07.558+0000] {processor.py:156} INFO - Started process (PID=819) to work on /opt/airflow/dags/1_dag_flujo.py
[2026-09-28T01:55:07.566+0000] {processor.py:799} INFO - Processing file /opt/airflow/dags/1_dag_flujo.py for tasks to queue
[2026-09-28T01:55:07.568+0000] {logging_mixin.py:149} INFO - [2026-09-28T01:55:07.568+0000] {dagbag.py:541} INFO - Filling up the DagBag from /opt/airflow/dags/1_dag_flujo.py
[2026-09-28T01:55:07.690+0000] {processor.py:809} INFO - DAG(s) dict_keys(['cobertura_pipeline']) retrieved from /opt/airflow/dags/1_dag_flujo.py
[2026-09-28T01:55:07.768+0000] {logging_mixin.py:149} INFO - [2026-09-28T01:55:07.768+0000] {dag.py:2726} INFO - Sync 1 DAGs
[2026-09-28T01:55:07.852+0000] {logging_mixin.py:149} INFO - [2026-09-28T01:55:07.851+0000] {dag.py:3490} INFO - Setting next_dagrun for cobertura_pipeline to 2026-09-28T01:49:14.899558+00:00, run_after=2026-09-28T01:55:14.899558+00:00
[2026-09-28T01:55:07.911+0000] {processor.py:178} INFO - Processing /opt/airflow/dags/1_dag_flujo.py took 0.365 seconds
[2026-09-28T01:55:38.210+0000] {processor.py:156} INFO - Started process (PID=827) to work on /opt/airflow/dags/1_dag_flujo.py
[2026-09-28T01:55:38.212+0000] {processor.py:799} INFO - Processing file /opt/airflow/dags/1_dag_flujo.py for tasks to queue
[2026-09-28T01:55:38.214+0000] {logging_mixin.py:149} INFO - [2026-09-28T01:55:38.213+0000] {dagbag.py:541} INFO - Filling up the DagBag from /opt/airflow/dags/1_dag_flujo.py
[2026-09-28T01:55:38.388+0000] {processor.py:809} INFO - DAG(s) dict_keys(['cobertura_pipeline']) retrieved from /opt/airflow/dags/1_dag_flujo.py
[2026-09-28T01:55:38.429+0000] {logging_mixin.py:149} INFO - [2026-09-28T01:55:38.428+0000] {dag.py:2726} INFO - Sync 1 DAGs
[2026-09-28T01:55:38.489+0000] {processor.py:178} INFO - Processing /opt/airflow/dags/1_dag_flujo.py took 0.288 seconds
[2026-09-28T01:56:08.784+0000] {processor.py:156} INFO - Started process (PID=835) to work on /opt/airflow/dags/1_dag_flujo.py
[2026-09-28T01:56:08.787+0000] {processor.py:799} INFO - Processing file /opt/airflow/dags/1_dag_flujo.py for tasks to queue
[2026-09-28T01:56:08.789+0000] {logging_mixin.py:149} INFO - [2026-09-28T01:56:08.789+0000] {dagbag.py:541} INFO - Filling up the DagBag from /opt/airflow/dags/1_dag_flujo.py
[2026-09-28T01:56:08.883+0000] {processor.py:809} INFO - DAG(s) dict_keys(['cobertura_pipeline']) retrieved from /opt/airflow/dags/1_dag_flujo.py
[2026-09-28T01:56:08.962+0000] {logging_mixin.py:149} INFO - [2026-09-28T01:56:08.961+0000] {dag.py:2726} INFO - Sync 1 DAGs
[2026-09-28T01:56:09.030+0000] {logging_mixin.py:149} INFO - [2026-09-28T01:56:09.029+0000] {dag.py:3490} INFO - Setting next_dagrun for cobertura_pipeline to 2026-09-28T01:55:14.899558+00:00, run_after=2026-09-28T02:01:14.899558+00:00
[2026-09-28T01:56:09.088+0000] {processor.py:178} INFO - Processing /opt/airflow/dags/1_dag_flujo.py took 0.316 seconds
[2026-09-28T01:56:39.393+0000] {processor.py:156} INFO - Started process (PID=843) to work on /opt/airflow/dags/1_dag_flujo.py
[2026-09-28T01:56:39.396+0000] {processor.py:799} INFO - Processing file /opt/airflow/dags/1_dag_flujo.py for tasks to queue
[2026-09-28T01:56:39.398+0000] {logging_mixin.py:149} INFO - [2026-09-28T01:56:39.397+0000] {dagbag.py:541} INFO - Filling up the DagBag from /opt/airflow/dags/1_dag_flujo.py
[2026-09-28T01:56:39.521+0000] {processor.py:809} INFO - DAG(s) dict_keys(['cobertura_pipeline']) retrieved from /opt/airflow/dags/1_dag_flujo.py
[2026-09-28T01:56:39.588+0000] {logging_mixin.py:149} INFO - [2026-09-28T01:56:39.588+0000] {dag.py:2726} INFO - Sync 1 DAGs
[2026-09-28T01:56:39.653+0000] {logging_mixin.py:149} INFO - [2026-09-28T01:56:39.653+0000] {dag.py:3490} INFO - Setting next_dagrun for cobertura_pipeline to 2026-09-28T01:55:14.899558+00:00, run_after=2026-09-28T02:01:14.899558+00:00
[2026-09-28T01:56:39.713+0000] {processor.py:178} INFO - Processing /opt/airflow/dags/1_dag_flujo.py took 0.331 seconds
[2026-09-28T01:57:10.028+0000] {processor.py:156} INFO - Started process (PID=851) to work on /opt/airflow/dags/1_dag_flujo.py
[2026-09-28T01:57:10.033+0000] {processor.py:799} INFO - Processing file /opt/airflow/dags/1_dag_flujo.py for tasks to queue
[2026-09-28T01:57:10.035+0000] {logging_mixin.py:149} INFO - [2026-09-28T01:57:10.034+0000] {dagbag.py:541} INFO - Filling up the DagBag from /opt/airflow/dags/1_dag_flujo.py
[2026-09-28T01:57:10.201+0000] {processor.py:809} INFO - DAG(s) dict_keys(['cobertura_pipeline']) retrieved from /opt/airflow/dags/1_dag_flujo.py
[2026-09-28T01:57:10.292+0000] {logging_mixin.py:149} INFO - [2026-09-28T01:57:10.292+0000] {dag.py:2726} INFO - Sync 1 DAGs
[2026-09-28T01:57:10.370+0000] {logging_mixin.py:149} INFO - [2026-09-28T01:57:10.370+0000] {dag.py:3490} INFO - Setting next_dagrun for cobertura_pipeline to 2026-09-28T01:55:14.899558+00:00, run_after=2026-09-28T02:01:14.899558+00:00
[2026-09-28T01:57:10.436+0000] {processor.py:178} INFO - Processing /opt/airflow/dags/1_dag_flujo.py took 0.420 seconds
[2026-09-28T01:57:40.770+0000] {processor.py:156} INFO - Started process (PID=859) to work on /opt/airflow/dags/1_dag_flujo.py
[2026-09-28T01:57:40.774+0000] {processor.py:799} INFO - Processing file /opt/airflow/dags/1_dag_flujo.py for tasks to queue
[2026-09-28T01:57:40.776+0000] {logging_mixin.py:149} INFO - [2026-09-28T01:57:40.776+0000] {dagbag.py:541} INFO - Filling up the DagBag from /opt/airflow/dags/1_dag_flujo.py
[2026-09-28T01:57:40.908+0000] {processor.py:809} INFO - DAG(s) dict_keys(['cobertura_pipeline']) retrieved from /opt/airflow/dags/1_dag_flujo.py
[2026-09-28T01:57:40.982+0000] {logging_mixin.py:149} INFO - [2026-09-28T01:57:40.982+0000] {dag.py:2726} INFO - Sync 1 DAGs
[2026-09-28T01:57:41.055+0000] {logging_mixin.py:149} INFO - [2026-09-28T01:57:41.054+0000] {dag.py:3490} INFO - Setting next_dagrun for cobertura_pipeline to 2026-09-28T01:55:14.899558+00:00, run_after=2026-09-28T02:01:14.899558+00:00
[2026-09-28T01:57:41.112+0000] {processor.py:178} INFO - Processing /opt/airflow/dags/1_dag_flujo.py took 0.352 seconds
[2026-09-28T01:58:11.399+0000] {processor.py:156} INFO - Started process (PID=868) to work on /opt/airflow/dags/1_dag_flujo.py
[2026-09-28T01:58:11.411+0000] {processor.py:799} INFO - Processing file /opt/airflow/dags/1_dag_flujo.py for tasks to queue
[2026-09-28T01:58:11.413+0000] {logging_mixin.py:149} INFO - [2026-09-28T01:58:11.413+0000] {dagbag.py:541} INFO - Filling up the DagBag from /opt/airflow/dags/1_dag_flujo.py
[2026-09-28T01:58:11.546+0000] {processor.py:809} INFO - DAG(s) dict_keys(['cobertura_pipeline']) retrieved from /opt/airflow/dags/1_dag_flujo.py
[2026-09-28T01:58:11.617+0000] {logging_mixin.py:149} INFO - [2026-09-28T01:58:11.616+0000] {dag.py:2726} INFO - Sync 1 DAGs
[2026-09-28T01:58:11.680+0000] {logging_mixin.py:149} INFO - [2026-09-28T01:58:11.679+0000] {dag.py:3490} INFO - Setting next_dagrun for cobertura_pipeline to 2026-09-28T01:55:14.899558+00:00, run_after=2026-09-28T02:01:14.899558+00:00
[2026-09-28T01:58:11.740+0000] {processor.py:178} INFO - Processing /opt/airflow/dags/1_dag_flujo.py took 0.354 seconds
[2026-09-28T01:58:42.095+0000] {processor.py:156} INFO - Started process (PID=876) to work on /opt/airflow/dags/1_dag_flujo.py
[2026-09-28T01:58:42.101+0000] {processor.py:799} INFO - Processing file /opt/airflow/dags/1_dag_flujo.py for tasks to queue
[2026-09-28T01:58:42.104+0000] {logging_mixin.py:149} INFO - [2026-09-28T01:58:42.104+0000] {dagbag.py:541} INFO - Filling up the DagBag from /opt/airflow/dags/1_dag_flujo.py
[2026-09-28T01:58:42.266+0000] {processor.py:809} INFO - DAG(s) dict_keys(['cobertura_pipeline']) retrieved from /opt/airflow/dags/1_dag_flujo.py
[2026-09-28T01:58:42.339+0000] {logging_mixin.py:149} INFO - [2026-09-28T01:58:42.339+0000] {dag.py:2726} INFO - Sync 1 DAGs
[2026-09-28T01:58:42.412+0000] {logging_mixin.py:149} INFO - [2026-09-28T01:58:42.411+0000] {dag.py:3490} INFO - Setting next_dagrun for cobertura_pipeline to 2026-09-28T01:55:14.899558+00:00, run_after=2026-09-28T02:01:14.899558+00:00
[2026-09-28T01:58:42.482+0000] {processor.py:178} INFO - Processing /opt/airflow/dags/1_dag_flujo.py took 0.407 seconds
[2026-09-28T01:59:12.766+0000] {processor.py:156} INFO - Started process (PID=883) to work on /opt/airflow/dags/1_dag_flujo.py
[2026-09-28T01:59:12.771+0000] {processor.py:799} INFO - Processing file /opt/airflow/dags/1_dag_flujo.py for tasks to queue
[2026-09-28T01:59:12.773+0000] {logging_mixin.py:149} INFO - [2026-09-28T01:59:12.772+0000] {dagbag.py:541} INFO - Filling up the DagBag from /opt/airflow/dags/1_dag_flujo.py
[2026-09-28T01:59:12.924+0000] {processor.py:809} INFO - DAG(s) dict_keys(['cobertura_pipeline']) retrieved from /opt/airflow/dags/1_dag_flujo.py
[2026-09-28T01:59:13.007+0000] {logging_mixin.py:149} INFO - [2026-09-28T01:59:13.006+0000] {dag.py:2726} INFO - Sync 1 DAGs
[2026-09-28T01:59:13.071+0000] {logging_mixin.py:149} INFO - [2026-09-28T01:59:13.071+0000] {dag.py:3490} INFO - Setting next_dagrun for cobertura_pipeline to 2026-09-28T01:55:14.899558+00:00, run_after=2026-09-28T02:01:14.899558+00:00
[2026-09-28T01:59:13.125+0000] {processor.py:178} INFO - Processing /opt/airflow/dags/1_dag_flujo.py took 0.370 seconds
[2026-09-28T01:59:43.425+0000] {processor.py:156} INFO - Started process (PID=891) to work on /opt/airflow/dags/1_dag_flujo.py
[2026-09-28T01:59:43.429+0000] {processor.py:799} INFO - Processing file /opt/airflow/dags/1_dag_flujo.py for tasks to queue
[2026-09-28T01:59:43.431+0000] {logging_mixin.py:149} INFO - [2026-09-28T01:59:43.430+0000] {dagbag.py:541} INFO - Filling up the DagBag from /opt/airflow/dags/1_dag_flujo.py
[2026-09-28T01:59:43.563+0000] {processor.py:809} INFO - DAG(s) dict_keys(['cobertura_pipeline']) retrieved from /opt/airflow/dags/1_dag_flujo.py
[2026-09-28T01:59:43.641+0000] {logging_mixin.py:149} INFO - [2026-09-28T01:59:43.641+0000] {dag.py:2726} INFO - Sync 1 DAGs
[2026-09-28T01:59:43.699+0000] {logging_mixin.py:149} INFO - [2026-09-28T01:59:43.698+0000] {dag.py:3490} INFO - Setting next_dagrun for cobertura_pipeline to 2026-09-28T01:55:14.899558+00:00, run_after=2026-09-28T02:01:14.899558+00:00
[2026-09-28T01:59:43.737+0000] {processor.py:178} INFO - Processing /opt/airflow/dags/1_dag_flujo.py took 0.326 seconds
[2026-09-28T02:00:14.023+0000] {processor.py:156} INFO - Started process (PID=899) to work on /opt/airflow/dags/1_dag_flujo.py
[2026-09-28T02:00:14.028+0000] {processor.py:799} INFO - Processing file /opt/airflow/dags/1_dag_flujo.py for tasks to queue
[2026-09-28T02:00:14.030+0000] {logging_mixin.py:149} INFO - [2026-09-28T02:00:14.030+0000] {dagbag.py:541} INFO - Filling up the DagBag from /opt/airflow/dags/1_dag_flujo.py
[2026-09-28T02:00:14.193+0000] {processor.py:809} INFO - DAG(s) dict_keys(['cobertura_pipeline']) retrieved from /opt/airflow/dags/1_dag_flujo.py
[2026-09-28T02:00:14.280+0000] {logging_mixin.py:149} INFO - [2026-09-28T02:00:14.280+0000] {dag.py:2726} INFO - Sync 1 DAGs
[2026-09-28T02:00:14.345+0000] {logging_mixin.py:149} INFO - [2026-09-28T02:00:14.344+0000] {dag.py:3490} INFO - Setting next_dagrun for cobertura_pipeline to 2026-09-28T01:55:14.899558+00:00, run_after=2026-09-28T02:01:14.899558+00:00
[2026-09-28T02:00:14.415+0000] {processor.py:178} INFO - Processing /opt/airflow/dags/1_dag_flujo.py took 0.404 seconds
[2026-09-28T02:00:44.679+0000] {processor.py:156} INFO - Started process (PID=907) to work on /opt/airflow/dags/1_dag_flujo.py
[2026-09-28T02:00:44.686+0000] {processor.py:799} INFO - Processing file /opt/airflow/dags/1_dag_flujo.py for tasks to queue
[2026-09-28T02:00:44.689+0000] {logging_mixin.py:149} INFO - [2026-09-28T02:00:44.688+0000] {dagbag.py:541} INFO - Filling up the DagBag from /opt/airflow/dags/1_dag_flujo.py
[2026-09-28T02:00:44.846+0000] {processor.py:809} INFO - DAG(s) dict_keys(['cobertura_pipeline']) retrieved from /opt/airflow/dags/1_dag_flujo.py
[2026-09-28T02:00:44.904+0000] {logging_mixin.py:149} INFO - [2026-09-28T02:00:44.904+0000] {dag.py:2726} INFO - Sync 1 DAGs
[2026-09-28T02:00:44.951+0000] {logging_mixin.py:149} INFO - [2026-09-28T02:00:44.950+0000] {dag.py:3490} INFO - Setting next_dagrun for cobertura_pipeline to 2026-09-28T01:55:14.899558+00:00, run_after=2026-09-28T02:01:14.899558+00:00
[2026-09-28T02:00:44.999+0000] {processor.py:178} INFO - Processing /opt/airflow/dags/1_dag_flujo.py took 0.335 seconds
[2026-09-28T02:01:15.321+0000] {processor.py:156} INFO - Started process (PID=914) to work on /opt/airflow/dags/1_dag_flujo.py
[2026-09-28T02:01:15.332+0000] {processor.py:799} INFO - Processing file /opt/airflow/dags/1_dag_flujo.py for tasks to queue
[2026-09-28T02:01:15.334+0000] {logging_mixin.py:149} INFO - [2026-09-28T02:01:15.333+0000] {dagbag.py:541} INFO - Filling up the DagBag from /opt/airflow/dags/1_dag_flujo.py
[2026-09-28T02:01:15.470+0000] {processor.py:809} INFO - DAG(s) dict_keys(['cobertura_pipeline']) retrieved from /opt/airflow/dags/1_dag_flujo.py
[2026-09-28T02:01:15.513+0000] {logging_mixin.py:149} INFO - [2026-09-28T02:01:15.513+0000] {dag.py:2726} INFO - Sync 1 DAGs
[2026-09-28T02:01:15.577+0000] {processor.py:178} INFO - Processing /opt/airflow/dags/1_dag_flujo.py took 0.267 seconds
[2026-09-28T02:01:45.860+0000] {processor.py:156} INFO - Started process (PID=921) to work on /opt/airflow/dags/1_dag_flujo.py
[2026-09-28T02:01:45.865+0000] {processor.py:799} INFO - Processing file /opt/airflow/dags/1_dag_flujo.py for tasks to queue
[2026-09-28T02:01:45.867+0000] {logging_mixin.py:149} INFO - [2026-09-28T02:01:45.867+0000] {dagbag.py:541} INFO - Filling up the DagBag from /opt/airflow/dags/1_dag_flujo.py
[2026-09-28T02:01:45.998+0000] {processor.py:809} INFO - DAG(s) dict_keys(['cobertura_pipeline']) retrieved from /opt/airflow/dags/1_dag_flujo.py
[2026-09-28T02:01:46.078+0000] {logging_mixin.py:149} INFO - [2026-09-28T02:01:46.077+0000] {dag.py:2726} INFO - Sync 1 DAGs
[2026-09-28T02:01:46.138+0000] {logging_mixin.py:149} INFO - [2026-09-28T02:01:46.137+0000] {dag.py:3490} INFO - Setting next_dagrun for cobertura_pipeline to 2026-09-28T02:01:14.899558+00:00, run_after=2026-09-28T02:07:14.899558+00:00
[2026-09-28T02:01:46.194+0000] {processor.py:178} INFO - Processing /opt/airflow/dags/1_dag_flujo.py took 0.345 seconds
[2026-09-28T02:02:16.506+0000] {processor.py:156} INFO - Started process (PID=928) to work on /opt/airflow/dags/1_dag_flujo.py
[2026-09-28T02:02:16.510+0000] {processor.py:799} INFO - Processing file /opt/airflow/dags/1_dag_flujo.py for tasks to queue
[2026-09-28T02:02:16.512+0000] {logging_mixin.py:149} INFO - [2026-09-28T02:02:16.511+0000] {dagbag.py:541} INFO - Filling up the DagBag from /opt/airflow/dags/1_dag_flujo.py
[2026-09-28T02:02:16.638+0000] {processor.py:809} INFO - DAG(s) dict_keys(['cobertura_pipeline']) retrieved from /opt/airflow/dags/1_dag_flujo.py
[2026-09-28T02:02:16.725+0000] {logging_mixin.py:149} INFO - [2026-09-28T02:02:16.725+0000] {dag.py:2726} INFO - Sync 1 DAGs
[2026-09-28T02:02:16.793+0000] {logging_mixin.py:149} INFO - [2026-09-28T02:02:16.793+0000] {dag.py:3490} INFO - Setting next_dagrun for cobertura_pipeline to 2026-09-28T02:01:14.899558+00:00, run_after=2026-09-28T02:07:14.899558+00:00
[2026-09-28T02:02:16.857+0000] {processor.py:178} INFO - Processing /opt/airflow/dags/1_dag_flujo.py took 0.362 seconds
[2026-09-28T02:02:47.213+0000] {processor.py:156} INFO - Started process (PID=937) to work on /opt/airflow/dags/1_dag_flujo.py
[2026-09-28T02:02:47.217+0000] {processor.py:799} INFO - Processing file /opt/airflow/dags/1_dag_flujo.py for tasks to queue
[2026-09-28T02:02:47.219+0000] {logging_mixin.py:149} INFO - [2026-09-28T02:02:47.218+0000] {dagbag.py:541} INFO - Filling up the DagBag from /opt/airflow/dags/1_dag_flujo.py
[2026-09-28T02:02:47.348+0000] {processor.py:809} INFO - DAG(s) dict_keys(['cobertura_pipeline']) retrieved from /opt/airflow/dags/1_dag_flujo.py
[2026-09-28T02:02:47.415+0000] {logging_mixin.py:149} INFO - [2026-09-28T02:02:47.415+0000] {dag.py:2726} INFO - Sync 1 DAGs
[2026-09-28T02:02:47.480+0000] {logging_mixin.py:149} INFO - [2026-09-28T02:02:47.479+0000] {dag.py:3490} INFO - Setting next_dagrun for cobertura_pipeline to 2026-09-28T02:01:14.899558+00:00, run_after=2026-09-28T02:07:14.899558+00:00
[2026-09-28T02:02:47.541+0000] {processor.py:178} INFO - Processing /opt/airflow/dags/1_dag_flujo.py took 0.339 seconds
[2026-09-28T02:03:17.843+0000] {processor.py:156} INFO - Started process (PID=945) to work on /opt/airflow/dags/1_dag_flujo.py
[2026-09-28T02:03:17.847+0000] {processor.py:799} INFO - Processing file /opt/airflow/dags/1_dag_flujo.py for tasks to queue
[2026-09-28T02:03:17.849+0000] {logging_mixin.py:149} INFO - [2026-09-28T02:03:17.849+0000] {dagbag.py:541} INFO - Filling up the DagBag from /opt/airflow/dags/1_dag_flujo.py
[2026-09-28T02:03:17.977+0000] {processor.py:809} INFO - DAG(s) dict_keys(['cobertura_pipeline']) retrieved from /opt/airflow/dags/1_dag_flujo.py
[2026-09-28T02:03:18.042+0000] {logging_mixin.py:149} INFO - [2026-09-28T02:03:18.041+0000] {dag.py:2726} INFO - Sync 1 DAGs
[2026-09-28T02:03:18.098+0000] {logging_mixin.py:149} INFO - [2026-09-28T02:03:18.097+0000] {dag.py:3490} INFO - Setting next_dagrun for cobertura_pipeline to 2026-09-28T02:01:14.899558+00:00, run_after=2026-09-28T02:07:14.899558+00:00
[2026-09-28T02:03:18.155+0000] {processor.py:178} INFO - Processing /opt/airflow/dags/1_dag_flujo.py took 0.324 seconds
[2026-09-28T02:03:48.441+0000] {processor.py:156} INFO - Started process (PID=953) to work on /opt/airflow/dags/1_dag_flujo.py
[2026-09-28T02:03:48.445+0000] {processor.py:799} INFO - Processing file /opt/airflow/dags/1_dag_flujo.py for tasks to queue
[2026-09-28T02:03:48.446+0000] {logging_mixin.py:149} INFO - [2026-09-28T02:03:48.446+0000] {dagbag.py:541} INFO - Filling up the DagBag from /opt/airflow/dags/1_dag_flujo.py
[2026-09-28T02:03:48.574+0000] {processor.py:809} INFO - DAG(s) dict_keys(['cobertura_pipeline']) retrieved from /opt/airflow/dags/1_dag_flujo.py
[2026-09-28T02:03:48.639+0000] {logging_mixin.py:149} INFO - [2026-09-28T02:03:48.638+0000] {dag.py:2726} INFO - Sync 1 DAGs
[2026-09-28T02:03:48.700+0000] {logging_mixin.py:149} INFO - [2026-09-28T02:03:48.699+0000] {dag.py:3490} INFO - Setting next_dagrun for cobertura_pipeline to 2026-09-28T02:01:14.899558+00:00, run_after=2026-09-28T02:07:14.899558+00:00
[2026-09-28T02:03:48.745+0000] {processor.py:178} INFO - Processing /opt/airflow/dags/1_dag_flujo.py took 0.315 seconds
[2026-09-28T02:04:19.006+0000] {processor.py:156} INFO - Started process (PID=961) to work on /opt/airflow/dags/1_dag_flujo.py
[2026-09-28T02:04:19.009+0000] {processor.py:799} INFO - Processing file /opt/airflow/dags/1_dag_flujo.py for tasks to queue
[2026-09-28T02:04:19.010+0000] {logging_mixin.py:149} INFO - [2026-09-28T02:04:19.010+0000] {dagbag.py:541} INFO - Filling up the DagBag from /opt/airflow/dags/1_dag_flujo.py
[2026-09-28T02:04:19.106+0000] {processor.py:809} INFO - DAG(s) dict_keys(['cobertura_pipeline']) retrieved from /opt/airflow/dags/1_dag_flujo.py
[2026-09-28T02:04:19.181+0000] {logging_mixin.py:149} INFO - [2026-09-28T02:04:19.181+0000] {dag.py:2726} INFO - Sync 1 DAGs
[2026-09-28T02:04:19.256+0000] {logging_mixin.py:149} INFO - [2026-09-28T02:04:19.255+0000] {dag.py:3490} INFO - Setting next_dagrun for cobertura_pipeline to 2026-09-28T02:01:14.899558+00:00, run_after=2026-09-28T02:07:14.899558+00:00
[2026-09-28T02:04:19.319+0000] {processor.py:178} INFO - Processing /opt/airflow/dags/1_dag_flujo.py took 0.319 seconds
[2026-09-28T02:04:49.631+0000] {processor.py:156} INFO - Started process (PID=969) to work on /opt/airflow/dags/1_dag_flujo.py
[2026-09-28T02:04:49.634+0000] {processor.py:799} INFO - Processing file /opt/airflow/dags/1_dag_flujo.py for tasks to queue
[2026-09-28T02:04:49.636+0000] {logging_mixin.py:149} INFO - [2026-09-28T02:04:49.635+0000] {dagbag.py:541} INFO - Filling up the DagBag from /opt/airflow/dags/1_dag_flujo.py
[2026-09-28T02:04:49.778+0000] {processor.py:809} INFO - DAG(s) dict_keys(['cobertura_pipeline']) retrieved from /opt/airflow/dags/1_dag_flujo.py
[2026-09-28T02:04:49.876+0000] {logging_mixin.py:149} INFO - [2026-09-28T02:04:49.875+0000] {dag.py:2726} INFO - Sync 1 DAGs
[2026-09-28T02:04:49.943+0000] {logging_mixin.py:149} INFO - [2026-09-28T02:04:49.943+0000] {dag.py:3490} INFO - Setting next_dagrun for cobertura_pipeline to 2026-09-28T02:01:14.899558+00:00, run_after=2026-09-28T02:07:14.899558+00:00
[2026-09-28T02:04:49.999+0000] {processor.py:178} INFO - Processing /opt/airflow/dags/1_dag_flujo.py took 0.381 seconds
[2026-09-28T02:05:20.324+0000] {processor.py:156} INFO - Started process (PID=977) to work on /opt/airflow/dags/1_dag_flujo.py
[2026-09-28T02:05:20.328+0000] {processor.py:799} INFO - Processing file /opt/airflow/dags/1_dag_flujo.py for tasks to queue
[2026-09-28T02:05:20.330+0000] {logging_mixin.py:149} INFO - [2026-09-28T02:05:20.330+0000] {dagbag.py:541} INFO - Filling up the DagBag from /opt/airflow/dags/1_dag_flujo.py
[2026-09-28T02:05:20.463+0000] {processor.py:809} INFO - DAG(s) dict_keys(['cobertura_pipeline']) retrieved from /opt/airflow/dags/1_dag_flujo.py
[2026-09-28T02:05:20.543+0000] {logging_mixin.py:149} INFO - [2026-09-28T02:05:20.543+0000] {dag.py:2726} INFO - Sync 1 DAGs
[2026-09-28T02:05:20.622+0000] {logging_mixin.py:149} INFO - [2026-09-28T02:05:20.621+0000] {dag.py:3490} INFO - Setting next_dagrun for cobertura_pipeline to 2026-09-28T02:01:14.899558+00:00, run_after=2026-09-28T02:07:14.899558+00:00
[2026-09-28T02:05:20.658+0000] {processor.py:178} INFO - Processing /opt/airflow/dags/1_dag_flujo.py took 0.344 seconds
[2026-09-28T02:05:50.964+0000] {processor.py:156} INFO - Started process (PID=985) to work on /opt/airflow/dags/1_dag_flujo.py
[2026-09-28T02:05:50.967+0000] {processor.py:799} INFO - Processing file /opt/airflow/dags/1_dag_flujo.py for tasks to queue
[2026-09-28T02:05:50.969+0000] {logging_mixin.py:149} INFO - [2026-09-28T02:05:50.969+0000] {dagbag.py:541} INFO - Filling up the DagBag from /opt/airflow/dags/1_dag_flujo.py
[2026-09-28T02:05:51.098+0000] {processor.py:809} INFO - DAG(s) dict_keys(['cobertura_pipeline']) retrieved from /opt/airflow/dags/1_dag_flujo.py
[2026-09-28T02:05:51.174+0000] {logging_mixin.py:149} INFO - [2026-09-28T02:05:51.173+0000] {dag.py:2726} INFO - Sync 1 DAGs
[2026-09-28T02:05:51.244+0000] {logging_mixin.py:149} INFO - [2026-09-28T02:05:51.244+0000] {dag.py:3490} INFO - Setting next_dagrun for cobertura_pipeline to 2026-09-28T02:01:14.899558+00:00, run_after=2026-09-28T02:07:14.899558+00:00
[2026-09-28T02:05:51.305+0000] {processor.py:178} INFO - Processing /opt/airflow/dags/1_dag_flujo.py took 0.353 seconds
[2026-09-28T02:06:21.583+0000] {processor.py:156} INFO - Started process (PID=993) to work on /opt/airflow/dags/1_dag_flujo.py
[2026-09-28T02:06:21.587+0000] {processor.py:799} INFO - Processing file /opt/airflow/dags/1_dag_flujo.py for tasks to queue
[2026-09-28T02:06:21.589+0000] {logging_mixin.py:149} INFO - [2026-09-28T02:06:21.588+0000] {dagbag.py:541} INFO - Filling up the DagBag from /opt/airflow/dags/1_dag_flujo.py
[2026-09-28T02:06:21.737+0000] {processor.py:809} INFO - DAG(s) dict_keys(['cobertura_pipeline']) retrieved from /opt/airflow/dags/1_dag_flujo.py
[2026-09-28T02:06:21.822+0000] {logging_mixin.py:149} INFO - [2026-09-28T02:06:21.821+0000] {dag.py:2726} INFO - Sync 1 DAGs
[2026-09-28T02:06:21.887+0000] {logging_mixin.py:149} INFO - [2026-09-28T02:06:21.886+0000] {dag.py:3490} INFO - Setting next_dagrun for cobertura_pipeline to 2026-09-28T02:01:14.899558+00:00, run_after=2026-09-28T02:07:14.899558+00:00
[2026-09-28T02:06:21.943+0000] {processor.py:178} INFO - Processing /opt/airflow/dags/1_dag_flujo.py took 0.372 seconds
[2026-09-28T02:06:52.238+0000] {processor.py:156} INFO - Started process (PID=1001) to work on /opt/airflow/dags/1_dag_flujo.py
[2026-09-28T02:06:52.241+0000] {processor.py:799} INFO - Processing file /opt/airflow/dags/1_dag_flujo.py for tasks to queue
[2026-09-28T02:06:52.243+0000] {logging_mixin.py:149} INFO - [2026-09-28T02:06:52.242+0000] {dagbag.py:541} INFO - Filling up the DagBag from /opt/airflow/dags/1_dag_flujo.py
[2026-09-28T02:06:52.405+0000] {processor.py:809} INFO - DAG(s) dict_keys(['cobertura_pipeline']) retrieved from /opt/airflow/dags/1_dag_flujo.py
[2026-09-28T02:06:52.481+0000] {logging_mixin.py:149} INFO - [2026-09-28T02:06:52.480+0000] {dag.py:2726} INFO - Sync 1 DAGs
[2026-09-28T02:06:52.548+0000] {logging_mixin.py:149} INFO - [2026-09-28T02:06:52.548+0000] {dag.py:3490} INFO - Setting next_dagrun for cobertura_pipeline to 2026-09-28T02:01:14.899558+00:00, run_after=2026-09-28T02:07:14.899558+00:00
[2026-09-28T02:06:52.604+0000] {processor.py:178} INFO - Processing /opt/airflow/dags/1_dag_flujo.py took 0.377 seconds
[2026-09-28T02:07:22.916+0000] {processor.py:156} INFO - Started process (PID=1010) to work on /opt/airflow/dags/1_dag_flujo.py
[2026-09-28T02:07:22.921+0000] {processor.py:799} INFO - Processing file /opt/airflow/dags/1_dag_flujo.py for tasks to queue
[2026-09-28T02:07:22.923+0000] {logging_mixin.py:149} INFO - [2026-09-28T02:07:22.922+0000] {dagbag.py:541} INFO - Filling up the DagBag from /opt/airflow/dags/1_dag_flujo.py
[2026-09-28T02:07:23.049+0000] {processor.py:809} INFO - DAG(s) dict_keys(['cobertura_pipeline']) retrieved from /opt/airflow/dags/1_dag_flujo.py
[2026-09-28T02:07:23.126+0000] {logging_mixin.py:149} INFO - [2026-09-28T02:07:23.125+0000] {dag.py:2726} INFO - Sync 1 DAGs
[2026-09-28T02:07:23.196+0000] {logging_mixin.py:149} INFO - [2026-09-28T02:07:23.195+0000] {dag.py:3490} INFO - Setting next_dagrun for cobertura_pipeline to 2026-09-28T02:01:23.195050+00:00, run_after=2026-09-28T02:07:23.195050+00:00
[2026-09-28T02:07:23.256+0000] {processor.py:178} INFO - Processing /opt/airflow/dags/1_dag_flujo.py took 0.351 seconds
